url,title,summary
https://www.yna.co.kr/view/AKR20250610098300057,"울주군, '2025 서울국제식품산업대전' 참가…""해외판로 개척""","지역 식품제조 및 가공업체 10개사, 우수제품 세계시장에 소개 (울산=연합뉴스) 장영은 기자 = 울산 울주군은 지역 식품제조 및 가공업체 10개사와 함께 10∼13일 경기도 고양시 킨텍스에서 열리는 '2025 서울국제식품산업대전(SEOUL FOOD 2025)'에 참가한다. 서울국제식품산업대전은 아시아 대표 식품산업 기업간거래(B2B) 전시회로 마련됐다. 전 세계 식품산업 관계자가 한자리에 모여 글로벌 식품 트렌드와 최신 기술을 공유하고, 수출 상담 및 비즈니스 네트워킹을 통해 해외시장 진출의 기회를 모색하는 장이다. 울주군은 지역 중소 식품기업의 국내외 시장 판로 개척을 위해 이번 전시회에서 울주군 공동관을 구성해 참여기업 제품 홍보, 바이어 상담, 샘플 시식 등을 적극 지원한다. 울주군 참가 기업 중에서 농업회사법인 복순도가, 바른예사회적협동조합, 발레나식스, 비비푸드, 언양전통식품, 장안발효 등 6개사는 현장에서 직접 부스를 운영한다. 대명바이오와 오릭바이오, 푸드윈, 해도지에프엔비 등 4개 기업은 제품을 전시하는 방식으로 참여한다. 전시회에 참여한 한 업체 대표는 ""서울국제식품산업대전은 해외 진출의 가능성을 타진할 좋은 기회""라며 ""울주군 지원 덕분에 국내외 바이어와 직접 만나 제품을 소개할 수 있어 기대가 크다""고 말했다. 울주군 관계자는 ""이번 전시회를 통해 울주군 식품기업의 우수 제품을 세계 시장에 소개하고 수출 기회로 이어지길 바란다""며 ""앞으로도 지역 식품산업의 경쟁력 강화를 위해 다양한 지원을 아끼지 않겠다""고 밝혔다. young@yna.co.kr"
https://www.yna.co.kr/view/AKR20250610097700063,산림청 14∼15일 '탄소중립 기여' 목재문화페스티벌 개최,"(대전=연합뉴스) 이은파 기자 = 산림청은 오는 14∼15일 서울 동작구 보라매공원에서 '2025 목재문화 페스티벌'을 개최한다고 10일 밝혔다. 목재문화 페스티벌은 탄소중립에 직접적으로 기여하는 국산 목재에 대한 국민의 이해를 돕고 생활 속 목재 이용을 활성화하기 위해 마련됐다. 행사 첫날에는 국산 목재가 얼마나 단단한지 체험해보는 '뚝딱뚝딱 나무왕 선발대회', 나무로 이어진 결혼 5년 차 부부들의 사랑 이야기를 담은 '목(木)혼식', 목재에 대한 올바른 정보를 재미있는 퀴즈로 알아보는 '도전! 우든벨'이 펼쳐진다. 둘째 날에는 목재 조리도구와 임산물을 이용하는 요리경연대회 '아빠의 밥상', 국산 목재로 탁자와 의자를 만들어 사회복지시설에 기부하는 '뚝딱뚝딱 목(木)소리 토크쇼'가 열린다. 축제 기간 나무반지 만들기와 목재화병 만들기, 어린이 목재장난감 체험 등 어린이부터 어른까지 누구나 참여할 수 있는 20여개의 다양한 체험 부스가 설치 운영된다. 산림청은 국산 목재의 탄소 저장 효과를 널리 알리고 국민이 생활 속에서 목재를 다양하게 이용할 수 있도록 목재 체험 행사를 확대해 나갈 계획이다. 임상섭 산림청장은 ""국산 목재에 저장된 탄소량이 국가 온실가스 감축 실적에 반영된다""며 ""이 행사를 통해 국민 누구나 탄소중립을 실천할 수 있는 생활 속 목재 이용이 활성화되길 기대한다""고 말했다. sw21@yna.co.kr"
https://www.yna.co.kr/view/AKR20250610084351007,"김혜성, 좌완 상대로 2루타 쳤는데…8회 또 왼손 나오자 교체(종합)","올해 좌투수에 3타수 3안타 1홈런 3타점에도 출전 기회 '제한적' (서울=연합뉴스) 김경윤 기자 = '혜성 특급' 김혜성(로스앤젤레스 다저스)이 오랜만에 좌완 투수를 상대로 타격 기회를 잡아 동점 적시 2루타를 터뜨렸으나 다음 타석에 또 다른 좌완 투수가 교체 등판하자 교체됐다. 김혜성은 10일(한국시간) 미국 캘리포니아주 샌디에이고 펫코 파크에서 열린 2025 미국프로야구 메이저리그(MLB) 샌디에이고 파드리스와 방문 경기에 9번 타자 중견수로 선발 출전해 3타수 1안타 1타점을 기록했다. 최근 3경기 연속 안타 행진을 이어간 김혜성의 시즌 타율은 0.414에서 0.410(61타수 25안타)으로 소폭 떨어졌다. 첫 타석에선 범타로 물러났다. 김혜성은 2-2로 맞선 2회초 주자 없는 1사에서 샌디에이고 오른손 선발 닉 피에타를 만났다. 그는 3볼 1스트라이크에서 5구째 높은 직구를 쳐 유격수 뜬 공으로 아웃됐다. 두 번째 타석도 아쉬웠다. 다저스는 2-3으로 뒤진 3회초 공격에서 3점을 뽑아내며 5-3으로 역전했고, 김혜성은 2사 2, 3루 기회에서 타석에 들어섰다. 김혜성은 볼카운트 1볼 2스트라이크에서 피에타의 한가운데 몰린 커브를 노렸으나 헛스윙하며 물러났다. 김혜성은 하늘을 향해 탄식한 뒤 헬멧을 치며 아쉬움을 표현하기도 했다. 안타는 5-6으로 뒤진 5회초 공격 때 나왔다. 샌디에이고는 5회초 수비에서 피에타를 마운드에서 내리고 일본 출신 왼손 불펜 마쓰이 유키를 투입했다. 다저스의 데이브 로버츠 감독은 평소 왼손 투수가 나왔을 때 왼손 타자인 김혜성을 내보내지 않거나 교체하기 일쑤였으나 이때는 달랐다. 김혜성은 2사 2루에서 교체 없이 마쓰이를 상대했다. 낮은 슬라이더 초구에 헛스윙한 김혜성은 2구째 몸쪽 시속 143.1㎞ 슬라이더를 놓치지 않았다. 절묘하게 당겨쳐 오른쪽 담장 구석으로 타구를 보냈다. 김혜성은 쏜살같"
https://www.yna.co.kr/view/AKR20250610097600009,"아프간 탈레반, 극단선택 희생자 사진 SNS 게재 금지","세계식량계획 ""400만명 영양실조…새로운 인도주의적 위기"" (서울=연합뉴스) 유창엽 기자 = 아프가니스탄 남동부 코스트주의 탈레반 당국이 극단적 선택이 늘어나자 희생자 모습을 담은 사진을 소셜미디어에 올리지 말라는 명령을 내렸다고 미국 매체 아무TV가 10일 전했다. 보도에 따르면 소식통들은 탈레반 산하 코스트주 경찰 지도부가 공식 서한을 통해 이 같은 금지명령을 내리면서 극단적 선택 희생자의 사진 유포 행위를 즉각 중단해야 한다고 경고했다고 전날 말했다. 이번 명령은 또한 지역 종교 지도자들이 극단적 선택의 도덕적, 종교적 결과에 관한 경고를 젊은이들에게 하라는 내용도 포함하고 있다. 소식통들은 코스트주 내 극단적 선택에 관한 공식적인 통계치는 없지만 2021년 8월 미군 철수로 탈레반이 재집권한 이후 특히 젊은이들의 극단적 선택이 급증했다고 전했다. 한 소식통은 아무TV에 ""최근 4년간 일어난 극단적 선택의 대부분은 젊은이들과 연관돼 있다""면서 ""이런 행동의 주요 원인으로 실업, 심리적 스트레스, 가족 문제, 마약 중독을 들 수 있다""고 말했다. 코스트주 경찰 통계치에 따르면 코스트주에선 지난해 3월부터 1년 동안 72명이 극단적 선택을 했다. 아프간 현지 인권단체에 따르면 아프간에서는 극단적 선택이 제대로 보도되지 않고 있다. 한편 아프가니스탄에서는 400만여명의 어머니와 어린이들이 현재 영양실조 상태인 것으로 전해졌다. 유엔 세계식량계획(WFP)은 최근 엑스(X·옛 트위터)에 올린 글에서 아프간에선 악화하는 가난과 실업, 잦은 기부 요청에 따른 '기부자 피로' 현상 등에 따른 기부금 부족으로 새로운 인도주의적 위기가 발생하고 있다며 이같이 밝혔다. yct9423@yna.co.kr"
https://www.yna.co.kr/view/AKR20250610097800505,[부고] 권영석(경안일보·봉화일보 발행인)씨 장모상,"▲ 경세월(향년 94세)씨 별세, 강출용·강하룡·강선희(경안일보 경영관리실장)·강정희·강병주씨 모친상, 김기옥·배미화씨 시모상, 권영석(경안일보·봉화일보 발행인)씨 장모상 = 10일 오전 9시45분, 남대구전문장례식장 3호실, 발인 12일 오전 7시, 장지 경남 합천군 선영. ☎ 053-584-4444 (서울=연합뉴스) ※ 부고 게재 문의는 팩스 02-398-3111, 전화 02-398-3000, 카톡 okjebo, 이메일 jebo@yna.co.kr(확인용 유족 연락처 필수)"
https://www.yna.co.kr/view/AKR20250610097500063,"서산시 여권 무료 등기배송 서비스, 다자녀 가정으로 확대","(서산=연합뉴스) 정윤덕 기자 = 충남 서산시는 여권 무료 등기배송 서비스를 다음 달부터 다자녀 가정까지 확대한다고 10일 밝혔다. 이 서비스는 75세 이상 어르신, 중증 장애인, 국민기초생활수급자, 임산부 등을 대상으로 시행돼 왔다. 18세 이하 자녀가 1명 이상인 다자녀 가정은 서비스를 신청할 수 있다. 조진희 민원봉사과장은 ""다자녀 가정을 대상으로 한 여권 무료 등기배송 서비스는 충남에서 최초""라며 ""앞으로도 시민 맞춤형 서비스 제공에 최선을 다하겠다""고 말했다. cobra@yna.co.kr"
https://www.yna.co.kr/view/AKR20250610092700052,"낙동강청, 환경법 위반 부울경 폐수 배출업체 18곳 적발","(창원=연합뉴스) 정종호 기자 = 낙동강유역환경청(이하 낙동강청)은 지난 3월부터 약 두 달간부산·울산·경남(부울경) 지역 폐수 배출업체 35곳을 점검해 환경법 등을 위반한 18곳을 적발했다고 10일 밝혔다. 적발된 업체 18곳에서는 총 21건의 위반 행위가 드러났다. 이 가운데 폐수 배출시설 변경 신고를 이행하지 않는 행위가 14건으로 가장 많았다. 이외 방류수 배출과 관련한 허용 기준을 초과하거나 운영 일지를 작성하지 않은 사례 등도 있었다. 낙동강청은 적발된 업체를 관할 지자체에 통보해 행정처분 또는 과태료 부과 조치를 했다. 낙동강청은 낙동강 수질 보호를 위해 오는 10월까지 폐수 배출업소에 대한 특별 점검을 이어갈 방침이다. 서흥원 낙동강청장은 ""녹조 발생 등으로 수질 악화가 우려되는 여름철을 맞이해 먹는 물 관리에 힘쓰겠다""며 ""오염물질 배출 업소들은 단속 전에 폐수 적정 처리 등 운영·관리에 최선을 다해주기를 바란다""고 당부했다. jjh23@yna.co.kr"
https://www.yna.co.kr/view/AKR20250610094500003,[르포] 포스코퓨처엠 전구체 독립선언…K-배터리 심장 광양서 뛴다,"포스코퓨처엠, 광양 전구체 공장 준공…전기차 50만대분 전구체 생산 ""탈중국 공급망이 경쟁력 그 자체…10억분의 15 확률 이물질도 관리"" (광양=연합뉴스) 이슬기 기자 = ""포스코퓨처엠의 광양 전구체 공장이 갖는 의미는 중국으로부터의 완전한 독립, '탈중국 공급망'입니다. 탈중국이 경쟁력 그 자체입니다."" 10일 전남 광양 율촌산업단지 내 포스코퓨처엠의 양극재 공장 부지에 자리한 전구체 공장. 이소영 포스코퓨처엠 에너지소재기획 그룹장은 이날 준공한 전구체 공장의 의미에 대해 이같이 설명했다. 전구체는 니켈, 코발트, 망간 등의 원료로 구성된 양극재의 중간 소재로, 고온에서 전구체에 리튬을 주입하면 양극재가 된다. 전기차, 에너지저장장치(ESS) 등 미래 첨단산업의 핵심 소재지만, 올해 3월 기준 중국에서 수입해오는 비중이 90% 이상이다. 그러나 글로벌 공급망이 중국에 과도하게 의존한 데 따른 리스크가 부각되고, 트럼프 2기 들어 미중 갈등까지 격화하면서 전구체의 탈중국화는 공급망 관리에서 시급한 과제로 떠올랐다. 포스코그룹은 공급망의 탈중국화를 목표로 지난 2022년 11월 10일 광양만 제철소 부지 내 양극재 공장을 세운 데 이어, 이날 연산 4만5천t 규모의 전구체 공장까지 준공해 배터리 소재의 자급 체제를 완성했다. 전기차 50만대분을 생산할 수 있는 양이다. 광양 공장에서 생산한 전구체는 올해부터 시행되는 미국 외국우려기업(FEOC) 규정에 저촉되지 않는 고순도 황산니켈을 포스코 그룹 내에서 공급받아 생산한다. 이날 찾은 포스코퓨처엠의 전구체 공장은 입구에서부터 철저한 이물질 통제가 이뤄졌다. 10억분의 15 확률 이하의 이물질도 잡아내는 철저한 공정을 유지하기 위해 공장 직원들과 외부 방문객들은 모두 덧신과 모자를 착용한 채 공장 안에 들어갈 수 있었다. 전구체 제조 공정은 크게 ▲ 용해 ▲ 반응기 ▲ 세척·탈수 ▲ 건조 ▲ 분체 설비 ▲ 최종 포장 등 과정"
https://www.yna.co.kr/view/AKR20250610097400061,"평택시, AI 행정혁신 방안 모색…비전 수립 TF 구성","(평택=연합뉴스) 김광호 기자 = 경기 평택시가 현실적으로 실행 가능한 인공지능(AI) 행정혁신 방안 및 정책 마련에 나섰다. 10일 평택시에 따르면 지난 9일 시청에서 시와 평택복지재단, 평택산업진흥원 등 18개 기관 및 부서가 참석한 가운데 '평택시 인공지능(AI) 비전 수립을 위한 관계기관 회의'를 했다. 이날 회의에서 참석자들은 시의 분야별 현안과 정책 목표를 공유하고, 행정 및 정책 전반에 인공지능 기술을 접목하거나 반영하기 위한 방향성 및 실행 과제를 논의했다. 시는 이를 시작으로 부시장을 단장으로 하는 'AI 비전 수립 전담 조직(TF)'을 구성하고, 본격적인 비전 수립에 착수할 예정이다. 시는 TF에서 도출된 아이디어를 현재 수립 중인 '평택시 인공지능 산업 육성 기본계획'에 반영할 예정이며, '평택시 인공지능위원회'에서 논의 후 시의 중장기 정책 수립 및 예산 편성에 우선 고려할 계획이다. 정장선 시장은 ""AI는 미래를 준비하는 기술이면서, 우리가 당면한 문제를 해결할 수 있는 가장 현실적인 해법""이라며 ""현장의 목소리를 담아낸 실효성 있는 AI 정책으로 시민이 체감하고 기업이 함께 성장할 수 있도록 하겠다""고 말했다. kwang@yna.co.kr"
https://www.yna.co.kr/view/AKR20250610096800053,100회 맞은 'AP포럼'…13년간 포항 발전에 지적 허브 역할,"(포항=연합뉴스) 손대성 기자 = 경북 포항에 있는 포항공대(POSTECH), 포항상공회의소, 포항철강산업단지관리공단이 공동으로 운영하고 포스코가 후원하는 'AP포럼'이 100회를 맞았다. 10일 포항공대에 따르면 이날 오전 포항시 남구 포스코국제관에서 열린 100회차 AP포럼에는 장인화 포스코홀딩스 회장이 연사로 참여했다. 장 회장은 이날 새로운 산업 성장 모델과 이를 이끌 리더의 역할이 중요하다고 밝혔다. 2012년 6월 출범한 AP포럼은 환동해 중심 도시이자 세계적 도시로 성장하는 포항의 미래를 모색하기 위한 조찬 세미나 행사다. 산·학·연·관 각 분야 리더가 참여해 협력관계를 구축해왔다. 역대 연사로는 정운찬·김황식 전 국무총리, 홍석우 전 지식경제부 장관, 유홍준 전 문화재청장 등이 있다. 하반기에는 최병일 법무법인 태평양 통상전략혁신허브 원장, 민은기 서울대 음대 교수 등이 강연할 예정이다. 포항공대 관계자는 ""AP포럼이 13년간 포항지역 발전의 지적 허브 역할을 해 온 것을 뜻깊게 생각한다""고 말했다. sds123@yna.co.kr"
https://www.yna.co.kr/view/AKR20250610096000062,"강원도, 2026년 산림소득·백두대간 주민지원 공모 추진","임업인의 안정적 경영과 소득 향상 위한 기반 강화 기대 (춘천=연합뉴스) 류호준 기자 = 강원특별자치도는 산림청과 함께 2026년 '산림소득사업(임산물 생산단지 규모화)'과 '백두대간 주민지원사업' 공모를 추진한다고 10일 밝혔다. 도는 임업인의 안정적인 소득 기반 조성과 백두대간 보호구역 내 주민 생활 여건 개선을 위해 이번 사업을 추진한다. 산림소득사업은 '산림작물 생산단지 조성'과 '산림복합 경영단지 조성'으로 나뉜다. 지원 대상은 2년 이상 임산물을 재배 중인 임업후계자, 독림가, 신지식임업인, 생산자 단체(영농조합법인 및 농업회사법인) 등이다. 산림작물 생산단지 조성은 단기소득 임산물 생산 기반 시설의 집단화와 현대화를 위한 사업이다. 노지 재배의 경우 1∼5억원, 시설 재배의 경우 1∼7억원까지 지원하며 보조율은 60%이다. 산림복합 경영단지 조성은 임목 숲 가꾸기 사업과 병행해 단기소득 임산물 생산 기반 시설 구축을 지원하는 사업이다. 1∼5억원 범위에서 60% 보조율로 지원한다. 공모 참여를 희망하는 전문 임업인이나 생산자 단체는 오는 20일까지 신청서와 증빙서류 등을 사업 대상지 시군 산림 부서에 제출하면 된다. 백두대간 주민지원사업은 도내 12개 시군 보호지역 내 40개 읍면동 소재 생산자 단체를 대상으로 백두대간 권역 내 임산물 저장·건조·가공시설 등을 지원하는 사업이다. '임업 및 산촌 진흥촉진법'에 따라 자격 요건을 충족한 생산자 단체에 대해 1∼3억원 범위로 보조율 90%로 지원한다. 백두대간 주민지원사업은 오는 30일까지 사업계획서 등을 시군 산림 부서에 제출하면 된다. 현장 심사와 위원회 심의를 거쳐 사업별 우선순위를 정한 뒤 산림청과 협의해 연내 사업 대상지를 최종 선정할 예정이다. 자세한 사항은 산림청 홈페이지나 해당 시군 산림 부서에서 확인할 수 있다. 윤승기 도 산림환경국장은 ""안정적이고 효율적인 임업경영에 필요한"
https://www.yna.co.kr/view/AKR20250610091800052,폐점 '롯데백 마산점' 교육시설 활용방안 있나…교육감 현장방문,"박종훈 교육감 ""교직원 연수장소·동아리 활동 공간 등 생각해본 적 있어"" (창원=연합뉴스) 김동민 기자 = 박종훈 경남도교육감이 지난해 6월말 폐점한 롯데백화점 마산점을 지역 교육시설로 활용 가능한지 검토에 나서 눈길을 끈다. 박 교육감은 폐점 후 1년 가까이 방치되고 있는 롯데백화점 마산점을 10일 방문해 교육시설로 활용할 방안을 검토했다. 그는 이날 백화점을 둘러보기 전 취재진에 ""교육청 차원에서 건물을 활용할 수 있는 방안이 있는지 살펴보고, 빨리 우리 입장을 정해야 할 것 같아서 방문했다""고 말했다. 그러면서 ""전신인 대우백화점부터 한 번도 방문한 적이 없기 때문에 가보지 않고 결정을 내릴 수 없기 때문에 오게 됐다""고 덧붙였다. 박 교육감은 백화점 용도를 구상해 본 적이 있느냐고 묻자 ""교직원 연수 장소 또는 학생 동아리 활동공간이나 독신자 숙소 등을 생각해본 적이 있다""고 답변했다. 그는 백화점 1층과 19층에 위치한 오피스텔 등을 20여분간 둘러보며 ""건물이 (생각했던 것보다) 크다""고 몇번씩 강조하며 건물 면적을 궁금해하기도 했다. 도교육청 관계자는 연면적이 약 9만7천㎡인 백화점은 학교 7개 혹은 도교육청 미래교육원 4∼5개와 맞먹는 크기라고도 설명했다. 현재 롯데백화점 마산점 활용방안을 마련하기 위해 경남도와 창원시를 중심으로 전담TF가 꾸려져 있으나 아직 구체적 방안이 나온 것은 없다. 이 전담TF에는 도교육청이 포함되지 않아 교육시설 활용방안에 대한 논의도 이뤄지지 않았다. 이에 대해 박 교육감은 ""나중에 경남도와 창원시가 교육청과 함께하는 것이 필요하다가 판단되면 그때 저희가 제안도 하고, 제안이 있는지 확인도 하겠다""고 말해 교육청 차원의 백화점 활용방안을 어떤 방향으로 검토할지 관심이 쏠린다. image@yna.co.kr"
https://www.yna.co.kr/view/AKR20250610094200017,"[게시판] 한국유나이티드제약, 아주대 약학대학생 견학 행사","▲ 한국유나이티드제약은 최근 아주대 약학대학 이범진 교수와 5학년 학생 25명 등 총 34명이 세종시 연서면 제2공장을 방문해 제약 제조현장을 견학했다고 10일 밝혔다. 학생들은 흡입제, 주사제, 고형제 생산라인 순으로 생산 현장을 견학하며 제형별 생산 과정을 눈으로 확인했다. 견학 행사에 함께 참여한 한국유나이티드제약 강원호 대표는 ""산업체 연계 교육의 일환으로 진행한 이번 견학을 바탕으로 더 많은 약학대학 학생들에게 다양한 기회를 제공하고 싶다""고 말했다. (서울=연합뉴스)"
https://www.yna.co.kr/view/AKR20250610096500054,'생태 전환 교육 모델' 순천 에코칼리지 개강,"(순천=연합뉴스) 손상원 기자 = 생태 문명 전환을 주제로 한 고등교육 시범 모델인 전남 순천 에코 칼리지가 개강했다. 에코 칼리지는 10일 순천시 생태 비즈니스센터에서 개학식을 열고 교육 과정에 돌입했다. 에코 칼리지 1기 학생은 19∼36세 청년 12명으로 앞으로 6개월 동안 순천에서 공동생활을 하며 생태적 전환을 주제로 한 이론·실천 교육을 받는다. 삶 자체가 배움의 과정이라는 철학 아래 학생들은 직접 걷고, 묻고, 만나며 배우는 순례와 지역 연계 프로젝트를 수행한다. 순천시는 영국 대안 고등교육기관인 슈마허 칼리지를 모델로 학·석사 과정을 갖춘 대안 고등교육 기관을 설립하는 방안도 고려하고 있다. 다만 광역 시도에만 시립 또는 도립대학 설립 권한이 있는 현 제도 아래서는 쉽지 않아 장기 과제로 검토 중이다. 노관규 순천시장은 ""순천 에코 칼리지는 더는 예전 방식대로 살 수 없는 시대에 '어떻게 다르게 살아야 하는가'를 함께 묻고 실험하는 학교""라며 ""지속적인 프로그램과 실험으로 생태 전환 교육의 현장 모델로 확립하겠다""고 말했다. sangwon700@yna.co.kr"
https://www.yna.co.kr/view/AKR20250610094800055,"남원 스마트팜·진안 홍삼한방·고창 김치, 농생명산업지구 지정","5년간 2천155억 투자해 생산·가공·유통·연구개발 집적화 (전주=연합뉴스) 백도인 기자 = 전북특별자치도는 남원 에코(ECO) 스마트팜산업지구, 진안 홍삼한방산업지구, 고창 사시사철 김치특화산업지구 등 3곳을 농생명산업지구로 지정한다고 10일 밝혔다. 농생명산업지구는 농생명자원의 생산·가공·유통·연구개발 시설을 집적화해 산업 전후방 연계를 강화하고, 농업의 새로운 성장거점으로 육성하는 것을 목표로 한다. 전북도는 올해부터 2029년까지 5년간 2천155억원을 투자해 이들 산업지구를 농생명산업의 모델로 만들 방침이다. 먼저 남원 ECO 스마트팜산업지구는 60㏊ 부지에 대규모 창업단지와 스마트팜 시설을 조성해 농생명 스마트팜의 허브 전초기지로 육성한다. 진안 홍삼한방산업지구(7㏊)는 국내 유일의 홍삼특구를 기반으로 유통과 가공 시설을 집적화해 고부가가치 홍삼 산업을 선도하게 된다. 고창 김치특화산업지구(16㏊)는 스마트팜을 조성해 연중 안정적인 김치 원료를 공급하고 원료 가공단지와 김치 생산공장을 만들어 김치산업의 거점으로 만든다. 전북도는 이들 산업지구에 24개의 기업을 유치해 180개의 일자리를 만들 계획이다. 도는 하반기에 익산 동물용의약품산업지구, 장수 저탄소 한우산업지구, 임실엔치즈ㆍ낙농산업지구, 순창 미생물산업지구 등을 추가로 농생명산업지구로 지정할 계획이다. 김관영 도지사는 ""이번 지정으로 농생명산업의 첨단화, 지역경제 활성화 등의 종합적 성과가 기대된다""며 ""지속해서 농생명 산업구조를 고도화하고 지속 가능한 발전 기반을 마련하겠다""고 말했다. doin100@yna.co.kr"
https://www.yna.co.kr/view/AKR20250610095800001,"[속보] 한중 정상 ""한반도 평화와 안정 위해 노력""",
https://www.yna.co.kr/view/AKR20250610094900001,"[속보] 李대통령, 11월 APEC 정상회의에 시진핑 주석 초청",
https://www.yna.co.kr/view/AKR20250610093700007,"이탈리아 매체 ""나폴리, 이강인과 영입 협상…초상권이 걸림돌""","이강인은 PSG와 2028년까지 계약 (서울=연합뉴스) 이영호 기자 = 프랑스 프로축구 파리 생제르맹(PSG)에서 활약하는 이강인(24)이 이탈리아 세리에A 챔피언 나폴리와 이적 협상을 벌이고 있다는 이탈리아 매체의 보도가 나왔다. 이탈리아의 축구 전문 매체 '스파치오 나폴리'는 10일(한국시간) ""나폴리가 PSG와 이강인의 영입을 위한 기본 합의에 도달했다""며 ""클럽 간 협상은 순조롭게 진행되고 있지만, 선수 측과의 협상은 아직 마무리되지 않았다""고 전했다. 2023년 7월 PSG에 입단한 이강인은 데뷔 시즌 공식전 36경기에 출전해 5골(정규리그 23경기 3골 포함)을 넣으며 순조롭게 적응했고, 지난 시즌에는 공식전 45경기를 뛰며 6골(정규리그 30경기 6골)을 터트리고 좋은 흐름을 이어갔다. 공격형 미드필더나 측면에 주로 배치되던 이강인은 PSG에서 폴스 나인(가짜 9번 공격수) 역할까지 소화하며 전천후 플레이어로 활약했다. 하지만 이강인은 지난 시즌 후반기부터 주전 경쟁에서 어려움을 겪었고, 유럽축구연맹(UEFA) 챔피언스리그 무대에선 8강전부터 결승전까지 벤치만 지키는 아쉬움을 남겼다. 이강인이 지난달 자신의 사회관계망서비스(SNS) 계정 프로필에서 PSG 관련 문구를 삭제하고 불편한 심기를 드러내며 이적설에 힘이 실렸다. 최근 프랑스 스포츠 매체 레퀴프는 지난 2일 ""재정적으로 만족스러운 조건이라면 PSG 구단은 이강인과 곤살루 하무스의 영입 제안에 열려 있다""고 전하며 이적설을 부추겼다. 해외 매체들은 아스널, 맨체스터 유나이티드(이상 잉글랜드), 아틀레티코 마드리드(스페인), 나폴리(이탈리아) 등이 이강인의 영입에 관심을 두고 있다고 전하기도 했다. 이에 대해 스파치오 나폴리는 ""이강인과 나폴리 협상의 문제는 초상권""이라며 ""이강인은 한국에서 인기 있는 스포츠 스타 가운데 한 명으로 엄청난 상품성과 인지도를 자랑한다. 초상권 관련 협상이 해결돼야 할 주요 사안으로"
https://www.yna.co.kr/view/AKR20250610094400054,'순경부터 경감까지' 전남경찰관들 잇단 음주운전…기강해이,올해만 3번째…모상묘 청장 조직장악력 의구심 (무안=연합뉴스) 천정인 기자 = 전남 구례경찰서 간부급 공무원이 술을 마시고 운전대를 잡았다가 적발돼 직위에서 해제됐다. 10일 전남경찰청에 따르면 구례경찰서 A 경감은 지난 7일 오후 전남 영광군 한 도로에서 음주운전을 하다 적발됐다. 적발 당시 A 경감의 혈중알코올농도는 면허 정지 수준이었던 것으로 알려졌다. 전남경찰청은 A 경감의 직위를 해제하고 구례경찰서에 대한 특별감찰을 벌이고 있다. 전남경찰청 산하 현직 경찰관의 음주운전 비위는 알려진 것만 올해 3번째로 기강해이가 심각하다는 지적이다. 모상묘 전남경찰청장의 조직 장악력에 대한 의심이 나오는 이유다. 전남경찰청 소속 B 순경은 지난 4월 새벽 시간 광주 광산구 제2순환도로에서 면허 취소 수치인 상태로 음주운전을 하다 적발됐다. 술에 취한 B 순경의 차량이 비틀거리며 교통사고를 낼 뻔하자 다른 운전자가 신고해 들통났다. 지난 3월에도 전남 경찰청 소속 C 경감은 나주시 다시면 한 도로에서 교통시설물을 들이받은 뒤 음주 측정을 거부하기도 했다. 전남경찰청은 직원 음주운전 비위가 발생할 때마다 특별감찰 등을 벌이고 있지만 매번 무용지물이됐다. iny@yna.co.kr
https://www.yna.co.kr/view/AKR20250610094700001,"[속보] 李대통령 ""한중, 호혜평등 정신하에 다방면서 교류협력 희망""",
https://www.yna.co.kr/view/AKR20250610049300053,"法, 가출한 친모 대신 친오빠를 후견인으로…""미성년 복리 부합""","(김천=연합뉴스) 윤관식 기자 = 친권자가 사망해 법적 공백 상태에 빠진 미성년자의 오빠가 가출한 엄마 대신 후견인이 될 수 있도록 하는 법원의 결정이 나왔다. 10일 대한법률구조공단에 따르면 대전가정법원은 A씨를 미성년 상태의 동생인 B양의 후견인으로 선임키로 결정했다. 이들은 단독친권자인 친부가 사망해 부채를 상속받게 됐다. 친모인 C씨는 가출해 8년째 연락 두절인 상태로 A씨와 B양은 친권자가 없는 상태였다. 성년인 A씨는 상속 포기를 신청했으나, 미성년인 B양은 친권자가 없어 상속 포기 절차를 진행할 수 없었다. B양은 친모 C씨를 친권자로 지정해 달라며 법률구조공단에 도움을 요청했다. 공단은 먼저 B양의 임무대행자 선임심판을 청구해 A씨가 임의 대행자로서 B양의 상속 포기 청구를 진행할 수 있도록 도왔다. 이어진 친권자지정심판에서 법원은 가사조사를 통해 친모 C씨가 가출 후 재혼해 이미 자녀를 두고 있는 것으로 파악했다. 또 미성년자인 B양은 오빠인 A씨를 후견인으로 적합하다고 밝혔다. 이에 법원은 친권자지정청구를 기각하고, A씨를 B양의 미성년후견인으로 선임하기로 결정했다. 법원은 ""현 양육자 관계인 A씨를 미성년후견인으로 선임해 현재 생활환경을 이어갈 수 있도록 하는 것이 B양의 복리에 보다 부합한다""고 판단 이유를 밝혔다. 권예찬 공익법무관은 ""미성년자의 친권자 공백 위기 상황에서 법원의 가사조사 제도를 활용해 신속한 법률지원으로 문제를 해결했다""고 말했다. 공단 관계자는 ""단독 친권자의 사망으로 미성년자의 학교생활, 의료행위 등 일상 전반에 법적 공백이 발생하는 사례가 종종 있다""면서 ""향후에도 미성년자 복리를 최우선으로 고려한 법률지원을 이어 나가겠다""고 밝혔다. psik@yna.co.kr"
https://www.yna.co.kr/view/AKR20250610090500004,"서초구, 세대통합형 '서초1동 시니어라운지' 개관","(서울=연합뉴스) 정준영 기자 = 서울 서초구(구청장 전성수)는 기존 경로당을 개방적이고 현대적인 커뮤니티 공간으로 개선한 '서초1동 시니어라운지'가 문을 열었다고 10일 밝혔다. 시니어라운지는 기존 경로당을 리모델링해 어르신뿐 아니라 아이들과 부모 세대까지 이용할 수 있는 세대통합형 공간으로 만드는 사업이다. 이번 개관은 반포복지관 경로당, 반포2동 경로당, 반포3동 경로당, 서초스마트시니어교육센터, 서초구립느티나무쉼터, 반포느티나무쉼터 등 6곳에 시니어라운지를 조성한 데 이은 것이다. 서초1동 경로당 2층을 리모델링해 차를 마시며 대화할 수 있는 '담소존', 안마의자를 갖춘 '힐링존', 영화·영상 콘텐츠를 시청할 수 있는 '스마트존', 도서·장난감을 구비한 '키즈존' 등으로 구성했다. 구는 하반기에 시니어라운지 2곳을 추가로 개관할 예정이다. 전성수 구청장은 ""서초 시니어라운지는 단순한 경로당을 넘어 모든 세대가 함께 교류하며 소통할 수 있는 복지 공간""이라며 ""앞으로도 세대통합형 개방 커뮤니티 공간을 확대해 주민 삶의 질을 높여나가겠다""고 말했다. prince@yna.co.kr"
https://www.yna.co.kr/view/AKR20250610093900063,[의회소식] 보령시·태안군의회 정례회 개회…행정사무감사 예정,"(보령·태안=연합뉴스) 충남 보령시의회는 10일 제268회 제1차 정례회를 개회했다. 오는 27일까지 이어지는 이번 정례회에서는 행정사무감사도 진행된다. 최은순 의장은 ""시민의 신뢰는 행정과 의정의 출발점이자 존재 이유""라며 ""행정사무감사는 시정의 신뢰를 다지는 중요한 절차""라고 강조했다. 태안군의회도 이날 제312회 제1차 정례회를 개회하고 16일간의 회기를 시작했다. 태안군의회 역시 16일부터 닷새간 행정사무감사를 실시한다. 이날 개회식에서는 김기두 의원이 대표 발의한 '지역균형발전을 위한 예비타당성조사 제도 개선 건의안'이 채택됐다. 전재옥 의장은 최근 발생한 태안화력 하청업체 비정규직 노동자 김충현씨 사망사고를 언급하며 ""피해자와 유가족의 억울함이 반드시 해소될 수 있도록 철저한 진상규명을 촉구한다""고 말했다."
https://www.yna.co.kr/view/AKR20250610090300004,주민 소통 나선 구로구청장…16개 동주민센터 순회방문,"(서울=연합뉴스) 정준영 기자 = 서울 구로구는 지난 4월 민선 8기 제21대 구청장으로 취임한 장인홍 구청장이 10일 수궁동을 시작으로 30일까지 16개 동주민센터를 순차적으로 방문한다고 밝혔다. 이번 방문은 장 구청장의 '소통과 신뢰'라는 구정 운영 기조에 따라 주민들과 소통하고자 마련됐다. 행사에는 동별 주민대표 30명 안팎이 참석해 장 구청장과 소통 시간을 갖고 지역 현안에 대한 건의사항 등을 전달할 예정이다. 장 구청장은 ""이번 방문은 지역 현안을 공유하고 주민의 목소리를 직접 듣는 소중한 기회가 될 것""이라며 ""현장의 생생한 의견을 구정에 적극 반영할 수 있도록 노력하겠다""고 말했다. prince@yna.co.kr"
https://www.yna.co.kr/view/AKR20250610093100007,"FC바르셀로나 레반도프스키·야말, 올여름 상암·달구벌 누빈다","7월 31일 FC서울, 8월 4일 대구FC와 친선경기…'노쇼'는 없을듯 (서울=연합뉴스) 안홍석 기자 = 로베르트 레반도프스키와 라민 야말 등 스페인 명문 프로축구단 FC바르셀로나의 특급 공격진이 올여름 상암벌과 달구벌을 누빈다. 제너시스BBQ 그룹은 10일 FC서울과 바르셀로나의 7월 친선경기를 후원한다고 발표했다. 올해 초 추진 사실이 알려진 바르셀로나의 방한은 이로써 공식화했다. 바르셀로나가 한국을 찾는 건 15년 만이다. 바르셀로나는 올여름 아시아투어에서 일본으로 먼저 가 7월 27일 비셀 고베와 경기한 뒤 한국으로 넘어와 7월 31일 서울월드컵경기장에서 FC서울, 8월 4일 대구스타디움에서 대구FC 등 K리그1 팀들과 2연전을 갖는다. 바르셀로나는 스페인 라리가 통산 우승 2위(28회)를 달리는 세계적인 명문 구단이다. 2024-2025시즌엔 라리가와 코파 델 레이(스페인 국왕컵)에서 우승하며 '더블'을 달성했다. 화려한 공격 축구로 정평이 난 만큼, 이번 방한에서도 막강 화력을 자랑하는 레반도프스키, 야말, 하피냐 등 특급 공격수들의 발끝에 국내 팬들의 시선이 집중될 거로 보인다. 재정난 등으로 어수선한 분위기에서 시작한 2024-2025시즌을 더블(2관왕)로 장식한 데에는 레반도프스키, 야말, 하피냐 삼각편대의 기여가 컸다. 최전방의 레반도프스키는 2024-2025시즌 라리가에서만 27골을 넣어 킬리안 음바페(레알 마드리드·31골)에 이어 득점 2위에 올랐다. 36세에도 철저한 몸 관리로 전성기 수준에서 크게 떨어지지 않은 득점력을 과시하고 있는 레반도프스키다. 야말은 '제2의 리오넬 메시'로 기대를 모으는 17세의 오른쪽 윙어다. 2024-2025시즌 라리가 35경기 9골을 포함해 공식전 55경기에서 18골을 터뜨렸다. 바르셀로나 최연소 선발 출전(16세 38일)과 득점(16세 87일) 기록을 보유하고 있기도 하다. 왼쪽 공격을"
https://www.yna.co.kr/view/AKR20250610094300001,"[속보] 대통령실 ""한중정상, 오늘 11시반부터 약 30분간 통화""",
https://www.yna.co.kr/view/AKR20250610074200001,李정부 임기초 '삼중특검' 속도전…'내란종식' 국정동력 확보,"李대통령 취임 일주일에 '내란·김건희·채상병 특검법' 국무회의 의결 여권 관계자 ""시간 끄는 것보다 한 번에 빠르게 추진해 끝내는 게 낫다"" (서울=연합뉴스) 설승은 기자 = 이재명 대통령이 임기 초반부터 '3중 특검'을 속전속결로 추진하며 '내란 종식' 속도전을 펴고 있다. 더불어민주당이 주도하는 3대 특검법안(내란특검법·김건희특검법·채상병특검법)은 10일 국무회의에서 의결됐다. 이 대통령이 취임한 지 일주일째 되는 날이다. 3대 특검법은 대선 이틀 뒤인 지난 5일 본회의 문턱을 통과해 전날 정부로 이송됐다. 조만간 특검법안이 공포되면 준비 기간을 거쳐 윤석열 전 대통령의 비상계엄 선포와 김건희 여사와 관련한 의혹 등 전임 정부 시절 불거진 의혹 사건을 수사할 특검이 삼중으로 가동된다. 민주당은 이 대통령이 대표 시절이었던 이전 정부에서 이들 특검법안을 줄기차게 추진해왔지만, 번번이 윤 전 대통령의 거부권 행사 카드에 가로막혔다. 하지만, 정권 교체로 '대통령 거부권'이라는 장벽이 사라지자 '내란 종식' 작업에 본격적인 속도를 내는 모습이다. 이 대통령은 이번 대선이 윤 전 대통령의 비상계엄 선포 사태가 말미암은 조기 대선으로 치러진 만큼 선거 기간 내내 내란 종식 의지를 강조했다. 이 대통령은 취임 일성으로도 내란 종식 의지를 부각했다. 이 대통령은 취임 선서에서 ""국민이 맡긴 총칼로 국민주권을 빼앗는 내란은, 이제 다시는 재발해선 안 된다. 철저한 진상규명으로 합당한 책임을 묻고, 재발 방지책을 확고히 마련하겠다""고 말했다. 이 대통령이 이처럼 임기 초반부터 내란 종식에 드라이브를 거는 것은 선거 기간 내건 약속을 지키는 모습으로 지지층에게 정권교체 효능감을 주며 초반 국정 동력을 확보하려는 포석이 깔린 것으로도 분석된다. 일각에선 취임 직후 곧바로 특검 정국이 펼쳐지는 것은 부담이 될 수 있다며 이 대통령이 특검 속도 조절에 나서지 않겠"
https://www.yna.co.kr/view/AKR20250610064000001,"내란 등 3대 특검, 李대통령 주재 국무회의 의결…특검정국 가시화","'내란·김건희·채상병 특검법' 공포 수순…'3중 특검' 곧 출범 (서울=연합뉴스) 임형섭 기자 = 더불어민주당 주도로 국회를 통과한 이른바 '3대 특검법안(내란특검법·김건희특검법·채상병특검법)'이 10일 오전 이재명 대통령이 주재한 국무회의에서 의결됐다. 이에 따라 윤석열 전 대통령의 위헌·위법적인 비상계엄 선포 사태를 비롯해 윤 전 대통령의 배우자 김건희 여사 의혹 등 윤석열 정권 당시 제기된 각종 의혹 사건을 수사할 '3중 특검' 정국이 본격화할 전망이다. 이날 심의·의결된 3개의 특검법은 이후 대통령 재가 및 관보 게재 절차를 공포되며, 특검 추천 및 특검팀 구성 역시 조만간 이뤄지게 된다. 우선 채상병 특검법(순직 해병 수사 방해 및 사건 은폐 등의 진상규명을 위한 특검법)은 2023년 7월 실종자 수색 작전 중에 발생한 해병대 채상병 사망사건의 사고 경위 및 정부 고위 관계자의 수사 방해 의혹 등이 수사 대상이다. 내란 특검법(윤석열 전 대통령 등에 의한 내란·외환 행위의 진상규명을 위한 특검법)은 내란 행위, 외환유치 행위, 군사 반란 등 윤석열 전 대통령의 12·3 비상계엄 선포와 관련한 범죄 의혹 11개가 수사 대상이다. 김건희 특검법(김건희와 명태균·건진법사 관련 국정농단 및 불법 선거 개입 사건 등 진상규명을 위한 특검법)은 김건희 여사의 도이치모터스 주가조작 의혹과 명품 가방 수수 의혹, '건진법사' 관련 의혹, 정치 브로커 명태균 씨가 연루된 공천 개입·불법 여론조사 의혹 등 총 16개의 수사 대상을 적시했다. 일각에서는 내란 특검법의 경우 현재 검찰의 수사가 진행 중인 만큼 속도를 조절할 가능성도 있다는 관측이 나왔으나, 이미 특검법이 국회를 통과한 상황에서 굳이 속도를 늦출 필요가 없다는 의견에 힘이 실린 것으로 보인다. 이와 관련해 민주당 박찬대 당 대표 직무대행 겸 원내대표는 이날 오전 국회 원내대책회의에서 ""민주당은 3대 특검을 통해 대한민국의 정상화를 이루어 내겠다"
https://www.yna.co.kr/view/AKR20250610093300065,작년 인천시 의원면직 공무원 10명 중 6명이 5년 미만 저연차,"(인천=연합뉴스) 신민재 기자 = 인천시에서 지난해 스스로 퇴사한 공무원 중 재직 5년 미만자의 비율이 전체의 60%에 달하는 것으로 나타났다. 10일 인천시에 따르면 지난해 전체 의원면직자 37명 중 재직 5년 미만 신규 공무원이 59.4%(22명)를 차지했다. 이는 2022년 72.9%(37명 중 27명), 2023년 70.7%(41명 중 29명)보다는 다소 낮아진 것이지만, 여전히 높은 비율이다. 시는 저임금과 경직된 조직문화 등으로 인한 저연차 공무원의 퇴사를 줄이기 위해 '환영', '적응', '관리'로 이어지는 3단계 조직 적응 프로그램을 운영하고 있다. 임용 직후 신규 공무원에게는 환영의 의미를 담은 '웰컴키트'를 제공하고 선배 공무원과의 멘토링 프로그램을 통해 정서적 안정과 조직 적응을 돕는다. 웰컴키트는 환영 카드, 공직 안내 달력, 텀블러, 칫솔살균기 등으로 구성돼 있으며, 멘토링에 참여한 공무원에게는 소정의 활동비와 인센티브를 제공한다. 적응 단계에서는 맞춤형 직무교육과 실무 중심의 업무 가이드북을 통해 신규 공무원의 업무 역량 강화를 지원한다. 관리 단계에서는 임용 후 3개월 안에 온·오프라인 인사 상담을 실시해 고충과 애로사항을 수렴한다. 필요시 최초 보직부서의 필수 근무 기간(기존 2년)을 1년으로 단축하는 등 유연한 인사 운영도 병행하고 있다. 의원면직 신청 시에는 퇴직 사유를 구체적으로 파악해 공직 제도 개선을 위한 기초자료로 활용하고 있다. 홍준호 인천시 행정국장은 ""공직 생활의 첫 단추를 잘 끼우는 것이 무엇보다 중요하다""며 ""새내기 공무원들이 조직에 대한 소속감과 자긍심을 갖도록 맞춤형 지원 프로그램을 지속해서 발굴하겠다""고 말했다. smj@yna.co.kr"
https://www.yna.co.kr/view/AKR20250610092900056,"""사람도 돌고래도 위험""…제주해경, 폐어구 불법투기 실태점검","(서귀포=연합뉴스) 변지철 기자 = 제주 해양경찰이 수산자원 감소와 해양동물 피해를 일으키는 폐어구 불법투기 예방 현장 실태점검에 나선다. 제주해양경찰서와 서귀포해양경찰서는 오는 16일부터 7월 4일까지 3주간 폐어구 불법투기 예방을 위해 지자체·어업관리단 등 관계기관과 합동으로 현장 실태 점검을 실시한다고 10일 밝혔다. 해경은 어선을 대상으로 폐어구의 적법 처리 여부 확인, 오염물질의 적법 처리 여부 확인, 폐기물 기록부 비치, 기록관리 상태, 어구보증금제 준수여부 등을 점검한다. 또 내년부터 새롭게 시행되는 어구관리기록부 비치·작성 및 유실어구 신고의무제 등 '수산업법' 개정사항에 대해 홍보할 예정이다. 바다에 버려진 그물, 통발 등 폐어구는 선박의 추진기에 감겨 안전사고를 발생시킬 수 있고, 폐어구는 수산자원 감소와 해양동물 피해 등 많은 경제적·환경적 문제를 야기한다. 지난 5월 우도 천진항 인근 해상에서 길이 200ｍ, 폭 20ｍ에 이르는 저인망 폐그물 등이 발견돼 해경이 수거한 바 있고, 남방큰돌고래 꼬리지느러미에 폐어구가 감긴 채 헤엄치는 모습이 목격되는 등 관련 사례가 잇따르고 있다. 제주해경 관계자는 ""해양 쓰레기의 대부분은 폐어구로 인해 발생하고 있다""며 바다를 지키기 위한 노력에 어업인들의 적극적인 동참을 당부했다. bjc@yna.co.kr"
https://www.yna.co.kr/view/AKR20250610093200055,"익산시, 폭염 대응 특별팀 가동…그늘막·쉼터 등 운영","(익산=연합뉴스) 김진방 기자 = 전북 익산시는 여름철 폭염에 대비해 오는 9월 30일까지 '폭염 대응 특별팀'을 운영한다고 10일 밝혔다. 특별팀은 ▲ 총괄상황반 ▲ 건강관리지원반 ▲ 시설관리반 등 3개반 52명으로 구성됐다. 시는 시민 피해 최소화를 위해 유관기관과 긴밀한 연락 체계를 유지하고, 폭염 대응 상황을 관리할 예정이다. 또 보행자가 많은 주요 사거리에는 스마트 그늘막 21개를 포함해 총 173개의 그늘막 가동에 들어갔다. 아울러 경로당과 금융기관 등 냉방기기가 마련된 무더위 쉼터 501개소도 상시 개방한다. 폭염특보 발효 시에는 무더위 쉼터 시간을 연장해 효율적으로 운영할 계획이다. 이와 함께 폭염특보 시에는 도로 위 살수차를 운영해 도심에 열기가 갇히는 현상을 최소화하고, 대중교통을 이용하는 시민을 위해 버스 정류장에 얼음과 생수를 비치해 더위를 피할 수 있도록 지원할 계획이다. 시는 또 독거노인이나 거동이 불편한 시민 등 폭염 취약계층에 대한 안전관리를 위해 재난도우미를 운영할 예정이다. 주민을 잘 아는 이·통장과 생활지원사, 자율방재단, 방문건강관리간호사 등으로 구성되는 재난도우미는 안부 전화와 방문을 통해 폭염 취약계층을 보호한다. 정헌율 익산시장은 ""기후 변화로 인해 폭염이 더 잦고 강해지고 있는 만큼 시민 안전을 최우선으로 행정력을 집중하겠다""며 ""작은 위험도 놓치지 않도록 선제적으로 대응하고, 시민 모두가 건강한 여름을 보낼 수 있도록 최선을 다하겠다""고 전했다. chinakim@yna.co.kr"
https://www.yna.co.kr/view/AKR20250610086100009,"대만, 금은방 이용 군 기밀 유출 중국간첩사건 적발","(타이베이=연합뉴스) 김철문 통신원 = 대만 내 금은방을 이용해 군 기밀 사항을 중국에 유출한 간첩 사건이 적발됐다고 자유시보 등 대만언론이 10일 보도했다. 대만 남부 가오슝 차오터우 지검은 전날 관할 쭤잉 해군기지 근처에서 금은방을 운영하던 쉬모 씨를 관련법 위반 혐의로 기소했다고 밝혔다. 검찰에 따르면 쉬씨는 불법 환전업자 황모 씨와 함께 중국인 왕모 씨의 지시를 받아 2019년부터 인터넷 광고를 통해 급전이 필요한 대만 장병 포섭에 나섰다. 이들은 군인들에게 도박 빚을 대신 갚아주고 포상금도 준다는 미끼로 중국의 침공에 대비한 합동군사훈련인 한광훈련 등 각종 군 기밀정보를 수집해 넘기도록 했다. 검찰은 쉬씨가 지난 2021년 3월부터 2023년 10월까지 관할 당국에 신고 없이 중국 위안화를 대만달러로 속칭 '환치기'해 불법 환전·송금한 사실을 적발했다고 설명했다. 이어 불법 거래 대상자는 10여명에 달하며 600만 대만달러(약 2억7천만원)에 달하는 불법 소득을 추징했다고 말했다. 검찰은 대만의 금은방이 수년간 대만 내 중국 조직의 불법 지하 환전 거래 중심지가 됐다고 지적했으며 군 기밀을 유출한 군인과 쉬씨의 공범들도 이미 기소됐다고 밝혔다. 이어 중국 세력의 대만군 침투 행동이 지속적으로 진행되고 있다며 국방부 정치작전국, 법무부 조사국 등과 함께 국가안보 태스크포스(TF)를 구성해 대처하고 있다고 덧붙였다. 대만에서 지난 2016년 독립 성향의 차이잉원 총통이 취임한 이후 양안(중국과 대만) 관계가 냉각되면서 간첩 혐의로 체포되는 군인들이 늘고 있다. 지난 2023년 12월에는 중국으로부터 공작금을 받은 뒤 전쟁이 나면 투항하겠다고 서약한 대만 육군 고위급 장교에게 징역 7년 6개월 형이 확정된 바 있다. jinbi100@yna.co.kr"
https://www.yna.co.kr/view/AKR20250610059900001,[속보] 李대통령 주재 국무회의서 '3대 특검 법안' 의결,
https://www.yna.co.kr/view/AKR20250610083800505,[전국 주요 신문 톱뉴스](10일 석간),"▲ 내일신문(서울) = '내란·김건희·채해병특검' 이르면 이달 출범 ▲ 문화일보(서울) = 李대통령, '3 특검법' 공포… '司正 바람' 몰아친다 ▲ 아시아경제(서울) = 고위공직 후보자 '국민 추천' 받는다 ▲ 헤럴드경제(서울) = '3대 특검법' 국무회의 의결 (서울=연합뉴스)"
https://www.yna.co.kr/view/AKR20250610085800505,[주요 신문 사설](10일 석간),"▲ 내일신문 = 추경예산은 시작일 뿐이다 ▲ 문화일보 = 美·日 이어 中 정상과 통화, 과거보다 미래·국익 집중해야 李대통령은 경제인과 회동, 민주당은 反기업 입법 강행 K-뮤지컬도 세계 정상… 창의적 상상력의 힘이다 ▲ 헤럴드경제 = ""AI, 바이오 등 미래산업 중위권"" …3% 성장 시험대 재계 만나는 李대통령, 실질적 대책으로 이어가야 (서울=연합뉴스)"
https://www.yna.co.kr/view/AKR20250610088900530,'장애인을 위한 따뜻한 기술'…제20회 보조공학기기 박람회,"(서울=연합뉴스) 김은경 기자 = 고용노동부가 주최하고 한국장애인고용공단이 주관하는 '2025년 제20회 대한민국 보조공학기기 박람회'가 10∼11일 서울 양재동 aT센터에서 개최된다. 국내외 49개의 업체가 참가한 이번 박람회는 시각장애 61점, 지체·뇌병변장애 82점, 청각장애 24점 등 활용도가 높은 장애 유형별 보조공학기기 총 200점을 소개하고 체험 기회를 제공한다. 카메라로 사물을 인식해 실시간 음성으로 변환해주는 스마트 안경(인비전 글래스) 등 인공지능(AI)과 음성·영상 인식 기술이 접목된 차세대 기기도 직접 확인할 수 있다. 박람회에 참석한 장애인들을 위해 행사 기간에 보조기기를 활용한 e스포츠, 국내 최초 전동휠체어 탑승 차량, 휠체어 레이싱 등 다양한 체험 프로그램도 운영한다. 이정한 노동부 고용정책실장은 ""보조공학기기가 장애인 고용을 고민하는 기업에는 해결책을, 일하고자 하는 분들께는 가능성을 보여줌으로써 누군가는 일하는 기쁨을 알게 되고 포기했던 꿈을 이어갈 것""이라며 ""많은 분이 다양하고 발전된 기술을 직접 보고 체험하시길 바란다""고 말했다. bookmania@yna.co.kr"
https://www.yna.co.kr/view/AKR20250610085200030,"FC바르셀로나 15년 만에 내한…BBQ, 티켓 3만장 뿌린다","7월 31일 상암 FC서울 경기에 BBQ 고객 이벤트 입장권 제공 FC바르셀로나, 대구FC와도 8월 4일 경기 (서울=연합뉴스) 김윤구 기자 = 세계 최고의 명문 구단 중 하나로 꼽히는 FC바르셀로나가 15년 만에 한국을 찾아 국내 구단들과 친선 경기를 벌인다. FC바르셀로나는 다음 달 31일 서울월드컵경기장에서 FC서울과 경기하고 8월 4일에는 대구FC와 경기할 예정이다. 이번 2025 FC바르셀로나 아시아투어 서울 경기는 치킨 프랜차이즈 BBQ가 메인스폰서로 참여해 상암 경기장의 6만4천석 가운데 3만석을 확보해 고객과 가맹점주 등에게 제공할 예정이다. 윤홍근 제너시스BBQ그룹 회장은 10일 롯데호텔 서울에서 열린 기자회견에서 바르셀로나 응원 머플러를 두른 채 ""BBQ는 창사 30주년을 맞아 5천만 국민에게 보답하고 싶었다""며 ""세계 최고 명문 축구 클럽 바르셀로나를 초청해 서울 매치를 여는 것이 큰 감동을 함께할 방안이라 생각했다""고 이번 행사를 마련한 배경을 설명했다. BBQ는 자체 앱에서 FC바르셀로나 서울 경기의 입장권을 증정하는 프로모션을 벌인다. 오는 11일부터 다음 달 25일까지 45일간 BBQ 앱에서 '골든 티켓 페스타' 이벤트를 벌여 2만장을 제공한다. 앱에서 치킨을 주문하거나 친구를 초대하면 응모권을 받을 수 있다. 이외에도 주문 금액이 많은 고객을 선정해 티켓을 증정하고 공식 인스타그램 등에서 이벤트를 통해 티켓을 나눠준다. BBQ는 이번 프로모션이 최근 배달앱 수수료 등으로 수익성이 악화한 가맹점주들에게 큰 도움이 될 것으로 기대했다. BBQ가 마케팅에 지출하는 금액은 100억원에 가까운 것으로 전해졌다. '클럽 그 이상의 클럽' 모토를 내건 FC바르셀로나는 125년의 역사를 자랑한다. 트레블(라리가·코파 델레이·UEFA 챔피언스리그 우승)을 2차례나 이뤄냈다. FC바르셀로나는 올 시즌 코파 델 레이(스페인 국왕컵)와 라리가에서 우승하며 세계적인"
https://www.yna.co.kr/view/AKR20250610092300064,"옥천군의회 ""동이IC 설치 시급…택배 화물차 분산 필요""","(옥천=연합뉴스) 박병기 기자 = 충북 옥천군의회는 10일 경부고속도로 동이IC 설치를 요구하는 건의문을 채택, 국토교통부와 한국도로공사 등에 보냈다. 군의회는 건의문에서 ""옥천IC를 이용하는 택배 차량으로 옥천읍 시가지가 교통혼잡과 소음, 환경피해 등에 시달린다""며 ""이를 해결하기 위해 택배업체가 몰려 있는 동이면 부근에 IC를 신설해야 한다""고 주장했다. 이어 ""내년 이후 옥천군청, 옥천경찰서 등이 옥천IC 인근의 행정 타운으로 이전할 예정이어서 혼잡은 더욱 극심해질 전망""이라며 ""이를 감안하더라고 동이IC 설치가 시급하다""고 덧붙였다. 한국도로공사가 밝힌 옥천IC 이용 차량은 하루 2만4천대 가량이다. 이 가운데는 동이·이원·군서면 일대 택배업체를 드나드는 대형 화물차량도 상당수 포함된다. bgipark@yna.co.kr"
https://www.yna.co.kr/view/AKR20250610089600001,8월부터 '적극행정' 공무원 법적책임에 소속기관 지원 의무화,"인사처, 적극행정 운영 규정 개정안 입법예고 (서울=연합뉴스) 홍국기 기자 = 오는 8월부터 '적극행정'을 추진한 국가공무원에게 민·형사상 책임 문제가 발생한 경우 소속 기관의 법적 지원이 의무화된다. 인사혁신처는 10일 적극행정 운영 규정 개정안을 입법 예고했다면서 이같이 밝혔다. 국민을 위한 공무원의 적극행정이 법적 책임 우려로 위축되지 않도록 지원을 강화하는 취지다. 기존에도 감사 면책, 징계 면제 등의 행정적 보호 장치가 있었으나 민·형사 책임 문제에 대해서는 기관의 적극적인 보호·지원이 부족하다는 인식이 있었다. 가령, 현재는 적극행정을 펼친 공무원이 기소되면 적극행정위원회 심의를 거쳐 지원받는 변호사 선임 비용(2천만원 한도)을 일절 지원받을 수 없다. 그러나 8월부터는 기소가 되더라도 무죄 판결을 받으면 수사나 형사 소송에서 발생한 변호사 선임 비용을 지원받을 수 있게 된다. 아울러 개정안은 정부 부처가 관련 지원 지침을 마련하고, 수사·소송 등을 관리·지원할 수 있는 적극행정 보호관도 두도록 했다. 또 적극행정 우수공무원 선발과 관련한 포상 근거를 마련하는 내용 등도 개정안에 포함됐다. 인사처 박용수 차장은 ""급변하는 행정 환경에 신속하게 대처하기 위해서는 적극행정 실천에 따른 공무원의 부담을 줄이는 것이 중요하다""고 강조했다. redflag@yna.co.kr"
https://www.yna.co.kr/view/AKR20250610091700505,[부고] 이경희(연합뉴스TV 사회부장)씨 외조모상,"▲ 김정출(향년 94세)씨 별세, 김미화·김혜숙·김상각·김상경·김미경씨 모친상, 이계창·김용광씨 장모상, 이경희씨 외조모상 = 9일 오후 3시10분, 서울 서대문구 동신병원 장례식장 3호실, 발인 12일 오후 3시50분. ☎ 02-395-1024 (서울=연합뉴스) ※ 부고 게재 문의는 팩스 02-398-3111, 전화 02-398-3000, 카톡 okjebo, 이메일 jebo@yna.co.kr(확인용 유족 연락처 필수)"
https://www.yna.co.kr/view/AKR20250610091000063,"당진 호수공원, 도시계획시설로 확정…2027년 말 완공","(당진=연합뉴스) 정윤덕 기자 = 충남 당진시는 대덕동 일원 15만3천449㎡ 부지에 조성하는 호수공원이 충남도 도시계획위원회 심의를 거쳐 도시계획시설(공원)로 확정됐다고 10일 밝혔다. 시는 이번 결정 고시에 따라 보상, 공원 조성계획 수립, 실시설계 및 인가 등 절차를 진행할 예정이다. 총 841억원을 투입해 2027년 말 완공하는 것을 목표로 하고 있다. 시 관계자는 ""시민들의 오랜 염원이었던 호수공원 조성사업이 첫걸음을 뗐다""며 ""시민들에게 도심 속 친환경 여가·문화공간을 제공할 수 있도록 빠르고 정확한 사업 추진에 최선을 다하겠다""고 말했다. cobra@yna.co.kr"
https://www.yna.co.kr/view/AKR20250610090600073,"""IAEA 이사회에 北영변 새로운 핵 시설 보고돼""","교도통신 ""그로시 사무국장, 북한 핵 관련 활동에 유감 표명"" (도쿄=연합뉴스) 경수현 특파원 = 라파엘 그로시 국제원자력기구(IAEA) 사무총장이 9일(현지시간) IAEA 이사회에 북한 영변에서 평양 근교 강선 핵 관련 시설과 유사한 특징을 지닌 시설이 건설되고 있다고 보고했다고 교도통신이 10일 보도했다. 외교 소식통에 따르면 그로시 사무총장은 오스트리아 빈에서 열린 IAEA 이사회에서 이런 내용을 보고하고 북한의 핵 개발에 대해 깊은 유감을 표명했다. 일본 등은 이번 이사회에서 북한 핵 관련 활동에 우려를 표시하는 공동 성명을 낼 방침이다. 앞서 조선중앙통신 등 북한 매체는 작년 9월과 올해 1월 김정은 북한 국무위원장이 핵물질 생산시설과 핵무기 연구소를 시찰했다고 전하면서 이례적으로 시설 내부 사진도 공표했으나 두 번 모두 구체적인 위치는 밝히지 않았다. evan@yna.co.kr"
https://www.yna.co.kr/view/AKR20250610091300007,"대한체육회, 자생한방병원·자생의료재단과 업무협약 체결","(서울=연합뉴스) 최송아 기자 = 대한체육회는 자생한방병원·자생의료재단과 체육회 소속 국가대표 선수·지도자, 임직원들의 신속한 의료 서비스·치료 지원을 위한 업무협약을 체결했다고 10일 밝혔다. 이번 협약에 따라 선수들은 자생한방병원 본원과 전국 분원에서 진료 혜택을 받게 되며, 전담 코디네이터 지정으로 신속하고 원활한 진료 서비스를 받을 수 있다고 체육회는 전했다. 아울러 체육회는 ""이번 협약으로 전국 각지에서 훈련하는 국가대표 선수들이 보다 손쉽게 의료 서비스를 제공받을 수 있을 것으로 기대하며, 진료 접근성이 좋아짐에 따라 선수들의 치료 지원이 원활해질 것으로 전망한다""고 덧붙였다. songa@yna.co.kr"
https://www.yna.co.kr/view/AKR20250610050451051,"속도 내는 해수부 이전…부산 지자체들, 청사 유치 경쟁(종합)","구청장 성명에 기초의회는 이전 촉구 건의안 채택 (부산=연합뉴스) 박성제 기자 = 해양수산부의 부산 이전이 본격 논의되면서 부산지역 기초 지자체들이 치열한 청사 유치전을 벌일 것으로 예상된다. 부산 북항을 끼고 있는 동구는 10일 김진홍 동구청장 명의의 성명서를 내고 ""해운과 항만 중심지인 북항에 해수부 청사를 이전해야 한다""고 말했다. 북항은 해수부 이전 유력 후보지로 거론되는 곳 중 하나다. 김 청장은 ""북항 재개발 1단계 지역 내에 공공기관 입주를 목적으로 하는 공공 포괄 용지가 이미 조성돼 있으며, 복합항만지구 등은 해수부가 소유권을 가지고 있어 언제든 이전할 수 있다""고 말했다. 이어 ""북항은 부산역과 맞닿아 있고, 가덕도 신공항과 부산역을 연결하는 BuTX선이 계획돼 있으니 해수부 청사로서는 최적지""라고 덧붙였다. 강서구의회도 전날 열린 정례회에서 해수부와 관련 기관의 부산 통합 이전을 촉구하는 건의안을 채택했다. 건의안을 대표 발의한 더불어민주당 김정용 의원은 강서구 부산신항 인근에 항만 물류와 해운 관련 핵심부서를 우선 배치해야 한다고 촉구했다. 김 의원은 ""해양 수산 정책의 주요 현장은 부산을 포함한 남해안 지역에 집중돼 있기 때문에 현장 중심의 집행을 위해서는 부산으로 통합 이전이 불가피하다""고 말했다. 부산항만공사가 있는 중구 역시 유치전에 뛰어들었다. 중구 관계자는 ""중앙동에 해운, 해양 관련 기관이 밀집해 있으며, 큰 규모의 건물이 많아 리모델링한다면 해수부가 빠르게 이전해 올 수 있는 여건이 형성돼 있다""며 ""해양 관련 인프라가 집적된 영도구나 부산역이 있는 동구의 사이에 있기 때문에 입지도 좋다""고 말했다. 이어 ""과거 시청, 법원이 이전하면서 주민들이 느끼는 상실감이 큰 상황인데 해수부가 이전해온다면 좋을 것""이라고 덧붙였다. 이외에도 영도구 해양클러스터 지구와 남구 문현혁신도시 등도 거론된다. 지자체들이 이처럼 해수부 유치전에 일찌"
https://www.yna.co.kr/view/AKR20250610087800530,"'태안화력 사고 다신 없게'…노동부, 전국 화력발전 감독 돌입","태안화력에 특별감독 준하는 감독·전국 석탄화력은 산업안전 분야 기획감독 (서울=연합뉴스) 김은경 기자 = 고용노동부가 10일 태안화력발전소 등 전국 석탄화력발전소에 대한 감독을 개시했다. 먼저 지난 2일 사망사고가 발생한 한국서부발전㈜ 태안발전본부, 한전KPS, 협력업체에 대해서는 특별감독에 준하는 고강도 감독에 돌입했다. 태안발전본부 등에는 각 분야의 감독관 29명과 한국산업안전보건공단 직원 6명 등 총 35명으로 구성된 대규모 감독반을 투입해 산업안전과 근로기준 합동 감독을 진행한다. 회전기계 등 유해·위험 기계의 안전조치 실태 및 기계 운전 시작 전 위험방지 조치 여부를 중점 점검하는 등 산업안전보건법 전반을 살펴보고, 노동관계법 전반을 면밀히 감독할 계획이다. 감독 결과 법 위반사항이 확인될 경우에는 처벌을 포함해 엄중하게 조치할 방침이다. 태안화력발전소와 작업방식 및 설비가 유사한 전국의 15개 석탄화력발전소와 협력업체들에 대한 산업안전 분야 기획 감독도 동시에 시작했다. 석탄화력발전소에서 반복 발생하는 다양한 유형의 중대재해 사고 재발을 방지하기 위해 과거 중대재해 원인 및 감독·점검에서 지적된 문제를 집중적으로 살펴보는 등 산업안전보건법 전반을 감독한다. 이번 감독에서는 법 위반 사항을 엄중히 조치하는 데 더해 법령상 의무가 아니더라도 실질적인 안전수준 제고에 필요하다고 판단되는 사항을 적극적으로 개선 권고할 예정이다. 노동부는 감독 과정에서 적발된 위법 사항이나 개선 권고 사항은 반드시 시정되도록 지속 관리할 계획이다. 필요한 경우 안전진단명령 등을 통한 사업장 안전도 제고 방안도 적극적으로 추진한다. bookmania@yna.co.kr"
https://www.yna.co.kr/view/AKR20250610060153004,조계종 회의장 화재 완진…'외부 노출' 문화유산 8점 이송(종합2보),"사찰 옆 회의장 천장서 발화…스님 등 300명 대피 국보·보물 피해 없어…유산 8점은 국립고궁박물관으로 (서울=연합뉴스) 이세원 이율립 기자 = 10일 오전 10시 22분께 서울 종로구 수송동의 조계종 내 건물에서 난 불이 약 1시간 30분 만에 완전히 꺼졌다. 소방 당국은 오전 11시 57분께 대응 1단계를 해제하며 완진을 선언했다. 진화에는 소방 차량 35대와 인력 142명이 동원됐다. 불은 조계사 사찰 옆 4층 규모 한국불교역사문화기념관의 2층 국제회의장 천장에서 시작됐다. 다행히 문화재가 다수 있는 한국불교중앙박물관이나 조계사까지 옮겨붙지는 않았다. 국제회의장에 있던 시민과 스님 등 100명과 기념관에 있던 200명 등 총 300명이 스스로 대피하며 인명피해는 없었다. 소방 당국은 천장 에어컨에서 불꽃과 함께 불이 시작됐다는 목격자 진술을 토대로 화재 원인을 조사 중이다. 이번 불은 불교중앙박물관에서 기획전 '호선(毫仙) 의겸(義謙): 붓끝에 나투신 부처님'을 위해 전국 사찰의 문화유산 다수를 보관 중인 가운데 발생했다. 박물관에는 국보인 순천 송광사 영산회상도 및 팔상도와 보물인 여수 흥국사 십육나한도을 비롯한 국보 9점·보물 9점 등 총 33점이 전시 중이었다. 불교중앙박물관장인 서봉스님은 언론 브리핑에서 ""다행히 화재가 전시관과 수장고로 이어지지 않아 안전하게 잘 보존됐다""고 말했다. 실제 국보와 보물급 유물은 모두 유리 차단막 내부에 전시돼 있어 손상이 없었던 것으로 전해졌다. 다만 33점 중 외부에 노출됐던 지정 문화유산 1점과 비지정 문화유산 7점 등 8점은 화염·연기 영향 가능성에 국립고궁박물관 수장고로 옮겨졌다. 서봉스님은 ""박물관의 안전과 보안이 확보됐을 때 다시 (문화유산들을) 모실 것""이라고 말했다. 2yulrip@yna.co.kr"
https://www.yna.co.kr/view/AKR20250610089100007,매킬로이·셰플러 다음 메이저 주인공은…US오픈 12일 개막,"LIV 디섐보 타이틀 방어전…임성재·김시우·안병훈·김주형 출격 (서울=연합뉴스) 최송아 기자 = 스코티 셰플러(미국)나 로리 매킬로이(북아일랜드)의 시즌 두 번째 메이저 대회 제패일까, 새로운 주인공의 탄생일까. 남자 골프 시즌 세 번째 메이저 대회인 제125회 US오픈이 12일(현지시간) 막을 올린다. 나흘간 미국 펜실베이니아주 오크몬트의 오크몬트 컨트리클럽(파70·7천372야드)에서 열리는 이번 대회엔 미국 안팎에서 진행된 예선 통과자를 포함한 156명이 출전해 샷 대결에 나선다. US오픈 총상금은 지난해 메이저 대회 중 가장 높은 2천150만달러(약 292억7천만원)였다. 올해 상금은 아직 발표되지 않았다. 현재 세계랭킹 1위, 2위를 달리고 올해 앞선 두 차례 메이저 대회를 양분한 셰플러와 매킬로이의 행보가 이번 대회에도 단연 최대 관심사다. 시즌 첫 번째 메이저 대회인 4월 마스터스 토너먼트에서는 매킬로이가 정상에 오르며 4대 메이저 대회에서 모두 우승하는 '커리어 그랜드 슬램'을 완성했고, 두 번째 메이저 대회인 지난달 PGA 챔피언십에선 셰플러가 우승을 차지했다. 셰플러는 지난달 초 더CJ컵 바이런 넬슨에서 미국프로골프(PGA) 투어 시즌 첫 승을 거둔 뒤 PGA 챔피언십을 제패했고 그 직후 찰스 슈와브 챌린지에선 공동 4위에 올랐다. 이어 출전한 이달 초 메모리얼 토너먼트에서 다시 정상에 올라 기세가 오를 대로 올랐다. 최근 4개 출전 대회에서 세 차례 우승, 한 차례 4위다. 셰플러가 이번 대회까지 제패하면 커리어 그랜드 슬램에 디오픈만을 남겨두게 된다. PGA 투어 홈페이지와 미국 골프채널이 꼽은 파워 랭킹 모두 셰플러를 1위로 선정했다. 반면 2011년 US오픈 우승자이기도 한 매킬로이는 최근 다소 주춤하다. 마스터스 우승 이후 취리히 클래식에서 공동 12위, 트루이스트 챔피언십에서 공동 7위로 선전했으나 PGA 챔피언십에서 공동 47위에 그쳤고"
https://www.yna.co.kr/view/AKR20250610089000504,"외교부, 'LA 시위' 대응 회의…재외국민 안전대책 점검","""한국 국민 체포·피해 사례 파악된 바 없어"" (서울=연합뉴스) 이상현 기자 = 외교부는 10일 미국 로스앤젤레스(LA)에서 수일째 진행되는 시위와 관련해 재외동포청 및 현지 공관과 합동 상황점검회의를 열어 재외국민 안전 및 보호 대책을 점검했다고 밝혔다. 화상으로 열린 회의를 주재한 윤주석 영사안전국장은 안전공지 등을 통해 현지 국민과 관련 동향을 지속해서 공유하고, 각 기관이 긴밀한 협조 체제하에 재외국민 보호에 만전을 기해달라고 당부했다. 한편 외교부는 이번 이민자 단속 및 반발 시위와 관련해 한국 국민의 체포나 피해 사례는 파악되지 않았다고 전했다. hapyry@yna.co.kr"
https://www.yna.co.kr/view/AKR20250610017551075,"트럼프 장남 'LA폭동 한인자경단' 소환…한인회 ""트라우마 이용말라""(종합)","LA 한인회 성명 발표 ""경솔한 행동…살얼음 같은 시기에 엄청난 위험 초래"" 비판 (로스앤젤레스=연합뉴스) 임미나 특파원 = 미국 로스앤젤레스(LA)에서 도널드 트럼프 행정부의 불법이민자 단속에 반발하는 시위가 수일째 이어지는 가운데, 트럼프 대통령의 장남이 1992년 LA 폭동 사태 당시의 한인 자경단 사진을 올린 것을 두고 LA한인회가 부적절한 행동이라고 9일(현지시간) 비판했다. LA한인회는 이날 발표한 성명에서 ""LA에서 아직까지 소요 사태가 진정되지 않는 가운데, 도널드 트럼프 주니어는 33년 전의 LA 폭동 당시 '루프탑 코리안'을 언급하며, 이번 소요 사태를 조롱하는 게시물을 엑스에 게재하는 경솔함을 보였다""고 지적했다. LA한인회는 이어 ""현 대통령의 장남이자, 약 1천500만명의 팔로워를 보유한 인플루언서이기도 한 그의 행동은 살얼음과 같은 지금 시기에 엄청난 위험을 초래할 수도 있다""고 짚었다. 그러면서 ""한인들의 지난 트라우마를 어떤 목적으로든 절대로, 절대로 이용하지 말 것을 강력히 촉구한다""고 강조했다. 트럼프 대통령의 장남인 도널드 트럼프 주니어는 전날 엑스(X·옛 트위터) 등에 과거 LA 폭동 당시 현장을 담은 사진을 올리고 ""옥상의 한국인들을 다시 위대하게""(Make Rooftop Koreans Great Again!)라고 썼다. 사진기자 강형원 씨는 연합뉴스에 보낸 이메일에서 이 사진은 자신이 지역 일간지 LA타임스에서 일할 때 찍은 사진이라고 밝히면서 1992년 5월 1일 LA 폭동 3일째 아침 한인타운의 한 마트 빌딩 옥상에서 전날 밤새 건물을 지킨 한인 남성이 총기를 점검하고 있는 모습을 찍은 것이라고 설명했다. 1992년 발생한 LA 폭동 당시 폭도들의 표적이 돼 약탈·방화 등 피해를 본 한인들은 총기로 무장한 채 자경단을 꾸려 한인타운을 지켰고, 현지인들에게 '루프탑 코리안'으로 불렸다. 트럼프 주니어가 한인 자경단의 사진을 올린 것은 무법 상태였던 33년"
https://www.yna.co.kr/view/AKR20250610080851009,"화웨이 CEO ""어센드칩, 美보다 한세대 뒤져…美, 우리성과 과장""(종합)","런정페이, 인민일보 인터뷰…트럼프 행정부 '어센드칩 통제' 관련 언급 ""기초이론 없이 美 못 따라가…매년 R&D 투자 34조원 중 11조원 기초연구 투입"" (서울=연합뉴스) 권수현 기자 = 중국 최대 통신장비 업체 화웨이 창업자 겸 최고경영자(CEO) 런정페이가 자사 인공지능(AI) 칩 '어센드'와 관련해 미국이 성과를 과장하고 있다며 ""화웨이 칩은 여전히 미국보다 한 세대 뒤처져 있다""고 말했다. 런 CEO는 이날 중국 공산당 기관지 인민일보와의 인터뷰에서 어센드 칩에 대한 미국의 수출통제 조치의 영향에 대한 질문에 ""중국에서 칩을 만드는 회사는 많고 그 가운데 다수 기업이 잘하고 있으며 화웨이는 그중 하나""라며 ""미국은 화웨이의 성과를 과장했다""고 답했다. 그는 이어 ""화웨이는 아직 그렇게 대단하지 않으며 열심히 해야 그들의 평가에 도달할 수 있다""며 ""우리의 단일 칩은 여전히 미국보다 한 세대 뒤처져 있다""고 강조했다. 런 CEO의 이런 발언은 앞서 지난달 미국 정부가 화웨이의 어센드 칩을 세계 모든 국가가 사용해선 안 된다는 방침을 발표한 데 대한 것이다. 미국 상무부 산업안보국(BIS)은 지난달 13일 ""전 세계 어디서든 화웨이의 어센드 칩을 사용하면 미국의 수출통제를 위반하는 게 될 것""이라고 밝혔다. 이에 중국은 ""일방적 괴롭힘""이라고 비난하며 이런 조치를 실행한 조직·개인에 법적 책임을 물을 것이라고 경고했다. 런 CEO는 또한 미국의 제재 속에 고성능 칩을 개발하기 위해 어떤 노력을 기울이는지에 대해서도 언급했다. 그는 ""우리는 수학으로 물리학을 보완하고, 비(非) 무어의 법칙으로 무어의 법칙(반도체 성능이 18∼24개월마다 2배로 증가한다는 관측)을 보완하며, 클러스터컴퓨팅으로 단일 칩을 보완한다""면서 ""이를 통해 결과적으로는 실용적인 상태를 달성할 수 있다""고 설명했다. 이와 관련해 어려운 점이 있느냐는 질문에 런 CEO는 ""언제는 어려움이 없었겠느냐""고 반문하면"
https://www.yna.co.kr/view/AKR20250610087900062,강원특별자치도 출범 2주년 기념…11∼16일 레저 할인 '대축제',"(춘천=연합뉴스) 강태현 기자 = 강원특별자치도 출범 2주년을 맞아 오는 11∼16일 레저 할인 이벤트가 열린다. 강원관광재단은 도내 주요 관광지에서 사용할 수 있는 레저 입장권과 체험 티켓을 최대 60% 할인(최대 6만1천100원 할인)한 가격에 제공하는 이벤트를 진행한다고 10일 밝혔다. 일자별 선착순으로 한정 판매하며 국내 대표 숙박·여행 플랫폼 '여기어때' 앱을 통해 참여할 수 있다. 할인 대상은 도내 주요 레저·체험 시설로 가족·친구·연인과 함께 즐길 수 있는 활동 중심 콘텐츠로 구성했다. 쿠폰 배부는 매일 오전 11시 선착순으로 열리며 당일 소진 시 조기 마감된다. 6월은 '강원 관광 숙박 대전'의 특별 확대 운영 기간으로, 이달의 추천 여행지인 고성·영월을 중심으로 13개 시군에서 지역별 숙박 할인 쿠폰이 순차적으로 추가 배포된다. 여행객들은 레저 할인 혜택과 함께 지역 숙소 예약 시에도 추가 할인 혜택을 함께 누릴 수 있다. 도와 재단, 18개 시군은 이번 이벤트를 통해 숙박과 체험을 결합한 체류형 관광 소비 활성화를 기대한다. 최성현 강원관광재단 대표이사는 ""강원특별자치도 출범 2주년을 기념해 보다 많은 여행객이 강원의 다채로운 즐길 거리를 합리적인 가격에 경험할 수 있도록 기획한 이벤트""라며 ""지역별 쿠폰 확대로 더 많은 시군의 관광 자원이 활성화되기를 기대한다""고 말했다. taetae@yna.co.kr"
https://www.yna.co.kr/view/AKR20250610081352009,"시진핑, 李대통령과 통화서 ""한중관계 더 높은 수준 발전해야""(종합)","中신화통신 보도…""다자주의·자유무역 함께 수호, 쌍방 핵심이익 존중해야"" (서울=연합뉴스) 이봉석 권수현 기자 = 시진핑 중국 국가주석이 10일 이재명 대통령과 첫 통화에서 한중 전략적 협력 동반자 관계를 더 높은 수준으로 발전시켜야 한다고 강조했다. 중국 관영 신화통신에 따르면 시 주석은 이날 오전 통화에서 이 대통령의 당선을 다시 한번 축하한다면서 이같이 말했다. 시 주석은 ""중한은 옮겨갈 수 없는 가까운 이웃""이라면서 ""수교 33년간 양국은 이념과 사회 제도 차이를 초월해 각 분야의 교류와 협력을 적극 추진하고 상호 성취와 공동 발전을 이뤘다""고 평가했다. 그러면서 ""건강하고 안정적이며 지속적으로 심화하는 중한 관계는 시대 발전 흐름에 부합하고 양국 국민의 근본 이익에도 부합하며, 지역 및 세계의 평화와 안정, 발전, 번영에도 이롭다""고 말했다. 이어 ""중한 수교의 초심을 지키고 선린우호의 방향을 확고히 견지하며, 상호 이익과 윈-윈(Win-win) 목표를 고수해 중한 전략적 협력 동반자 관계를 더 높은 수준으로 발전시켜 양국 국민에게 더 많은 혜택을 가져다주며, 혼란으로 뒤엉킨 지역 및 국제 정세에 더욱 확실성을 불어넣어야 한다""고 강조했다. 또 ""각계각층의 교류를 강화해 전략적 상호 신뢰를 증진해야 한다""며 ""양자 협력과 다자간 조율을 긴밀히 하고 다자주의와 자유무역을 공동으로 수호하며, 글로벌 및 지역 산업 공급망의 안정과 원활함을 보장해야 한다""고 했다. 시 주석은 아울러 ""문화 교류를 심화하고 상호 이해를 증진하며 여론의 토대를 다져 중한 우호가 양국 국민의 마음속에 뿌리내리게 해야 한다""며 ""쌍방의 핵심 이익과 중대한 관심사를 존중하고 양자 관계의 큰 방향을 확고히 해 중한 관계가 항상 올바른 궤도를 따라 발전하도록 보장해야 한다""고 강조했다. 이에 이 대통령은 ""한중은 지리적으로 가깝고 오랜 교류 역사가 있으며, 경제·무역·문화적으로 긴밀하게 연결돼 있다""면서 시 주석의 말에"
https://www.yna.co.kr/view/AKR20250610081200530,"국제 보건시민사회, 李대통령에 글로벌펀드 2억달러 공여 요청","G7 정상외교 데뷔 앞두고 서한 보내 '韓 보건리더십 발휘' 촉구 (서울=연합뉴스) 서한기 기자 = 주요 7개국(G7) 정상회의 참석으로 다자 정상외교 데뷔를 앞둔 이재명 대통령이 국제 보건 분야의 리더십을 발휘해달라는 국제사회의 요청을 받았다. 전 세계 46개국 587명의 보건 분야 시민사회 관계자들이 에이즈·결핵·말라리아 퇴치 기구인 '글로벌펀드'에 한국이 2억 달러(약 2천700억원)를 공여해달라는 내용의 공개서한을 이 대통령에게 보낸 것이다. 외교부에 등록된 비영리 민간단체인 국제보건애드보커시(KAGH)는 10일 전 세계 보건 시민사회를 대표해 이런 내용의 서한을 전달했다고 밝혔다. 서한에는 말라리아퇴치를위한국제시민사회연대(CS4ME), 글로벌펀드애드보커시네트워크(GFAN) 등 주요 국제보건단체들이 참여했다. 이들은 서한에서 ""이 대통령의 글로벌 연대 의식을 환영한다""며 ""오는 15∼17일 캐나다 앨버타주에서 열리는 G7 정상회의와 같은 무대를 활용해 글로벌 보건 위기 극복에 한국의 리더십 보여달라""고 말했다. 글로벌펀드 제8차 재정확보회의(2026∼2028년)에 대한 조기 공여 약속을 통해 한국이 실질적인 행동에 나서달라는 요구이다. 현재 글로벌펀드는 180억 달러 모금을 목표로 하고 있는데, 한국의 선도적인 역할이 다른 선진국의 참여를 끌어내는 촉매제가 돼 목표 달성에 영향을 미칠 수 있다는 것이 이들 국제 보건시민사회의 판단이다. 글로벌펀드는 2002년 설립 이후 저소득·중저소득 국가의 HIV, 결핵, 말라리아 퇴치를 지원하며 2023년까지 6천500만명 이상의 생명을 구한 다자기구다. 한국은 펀드 설립 초기부터 파트너로 참여해왔다. 특히 혁신적이고 질 좋은 의약품과 진단기기를 공급하며 생명을 구하는 데 크게 기여했다는 평가를 받는다. 이번 서한 전달을 주도한 국제보건애드보커시는 전 세계 보건 격차 해소를 위해 정책 제안 및 국제 협력 등 옹호 활동을 펼치고"
https://www.yna.co.kr/view/AKR20250610088300505,[부고] 박민식(전 국가보훈부 장관)씨 장인상,"▲ 배병원(향년 89세)씨 별세, 김순자씨 남편상, 배정한·배정욱·배정혜씨 부친상, 박민식(전 국가보훈부 장관)씨 장인상 = 10일 오전 3시, 분당서울대병원 장례식장 1호실, 발인 12일 오전 6시. ☎ 031-787-1500 (서울=연합뉴스) ※ 부고 게재 문의는 팩스 02-398-3111, 전화 02-398-3000, 카톡 okjebo, 이메일 jebo@yna.co.kr(확인용 유족 연락처 필수)"
https://www.yna.co.kr/view/AKR20250610087500017,"[게시판] 네오위즈, 'P의 거짓' 공식 아트북 출시…와디즈서 펀딩","▲ 네오위즈[095660]는 글로벌 흥행작 'P의 거짓' 공식 한글판 아트북을 와디즈에서 펀딩을 통해 출시한다. 학산문화사가 발간한 아트북은 총 256페이지 분량으로 'P의 거짓' 세계관과 주요 캐릭터 아트워크, 게임 내 배경 및 장비 디자인 등이 섬세하게 수록됐다. 또 357파트먼트의 대표 아티스트 김태기 작가가 직접 제작한 게임 속 캐릭터 '소피아' 피규어도 100개 한정으로 판매한다. 아트북은 와디즈 펀딩 종료 후 교보문고와 예스24[053280] 등 온·오프라인 서점에서 구매할 수 있다. (서울=연합뉴스)"
https://www.yna.co.kr/view/AKR20250610086200527,전남 여수·광양 오존주의보 발령,"(광주=연합뉴스) 10일 오후 1시를 기해 전남 여수·광양에 오존주의보가 내려졌다고 환경부 한국환경공단이 전했다. 발령 지역 시간 평균 오존 농도는 오후 1시 현재 여수 0.1579ppm(100만분의 1), 광양 0.1221ppm을 기록하고 있다. 1시간 평균 공기 중 오존(O₃) 농도가 0.12ppm 이상이면 오존주의보가, 0.30ppm 이상이면 오존경보가, 0.50ppm 이상이면 오존중대경보가 각각 발령된다. 오존주의보가 발령되면 노약자와 어린이, 호흡기·심장질환자는 실외활동을 자제해야 한다. 일반인도 실외활동이나 과격한 운동을 하지 않는 것이 좋다. weather_news@yna.co.kr"
https://www.yna.co.kr/view/AKR20250610085900007,"151ｍ 만루포 치고 콜업된 보스턴 유망주, 데뷔전 4타수 무안타","(서울=연합뉴스) 천병혁 기자 = 미국프로야구에서 올 시즌 최장거리 홈런포를 터뜨린 유망주가 메이저리그(MLB) 데뷔전을 치렀으나 무안타에 그쳤다. 보스턴 레드삭스는 10일(이하 한국시간) 미국 매사추세츠주 보스턴 펜웨이파크에서 열린 탬파베이 레이스와 경기를 앞두고 트리플 A 유망주 로만 앤서니(21)를 콜업했다. 앤서니는 이틀 전 트리플A 경기에서 비거리 497피트(약 151.5ｍ)의 초대형 만루 홈런을 터뜨려 화제를 모았다. 앤서니의 홈런은 올 시즌 미국프로야구 모든 리그를 통틀어 최장거리로 기록됐다. 전날까지 32승 35패에 그치며 아메리칸리그(AL) 동부지구 4위에 처져 있던 보스턴은 타선을 보강하기 위해 앤서니를 급히 불러올렸다. 2022년 신인 드래프트에서 전체 79번으로 뽑힌 앤서니는 올 시즌 트리플A 58경기에서 타율 0.288, 10홈런, 29타점을 기록했다. 키 191㎝, 몸무게 91㎏의 건장한 체격을 지닌 앤서니는 특히 51개의 볼넷과 56번의 삼진으로 선구안도 뛰어나다는 평을 받았다. 앤서니는 올해 MLB 파이프라인이 추린 마이너리그 유망주 순위에서는 전체 1위에 뽑혔다. 하지만 처음 도전한 메이저리그의 벽은 높았다. 이날 데뷔전에서 5번 타자 우익수로 선발 출장한 앤서니는 4타수 무안타에 그쳤다. 볼넷 1개와 타점 1개를 뽑았으나 삼진 1개도 당했다. 긴장한 탓인지 수비에서는 실책도 저질렀다. 그런데도 1순위 유망주 앤서니의 향후 행보에 팬들의 관심이 쏠리고 있다. 보스턴은 연장 11회 접전 끝에 8-10으로 패했다. shoeless@yna.co.kr"
https://www.yna.co.kr/view/AKR20250610084200084,"호주, 차세대 프리즘 미사일 美와 제휴 생산·호주군에 배치","태평양서 중국 견제 역량 확보 속도 (하노이=연합뉴스) 박진형 특파원 = 호주가 미국과 손잡고 미국의 차세대 중거리 미사일 프리즘(PrSM)을 생산하고 호주군에 배치하기로 했다. 이에 따라 태평양에서 날로 증강되는 중국군의 전력을 견제할 수 있는 호주군의 역량이 크게 향상될 것으로 기대된다. 10일(현지시간) 제인스·아미테크놀로지 등 군사전문 매체들에 따르면 미국과 호주는 최근 미국 프리즘 미사일의 호주 내 생산·유지보수를 위한 업무협약(MOU)을 체결했다. 이에 따라 호주는 향후 10년간 3억1천만 호주달러(약 2천750억원)를 프리즘 미사일 개발에 투입, 프리즘 프로그램의 완전한 협력 파트너가 되고 프리즘 미사일을 사용할 수 있게 된다고 호주 국방부가 전했다. 호주는 또 5년간 약 1억5천만 호주달러(약 1천330억원)를 투자해 첫 육군 미사일 연대 창설에 필요한 프리즘 미사일 등의 초기 물량을 확보할 방침이다. 미국 록히드마틴이 개발한 프리즘 미사일은 현 주력 중거리 미사일인 에이태큼스(ATACMS)의 뒤를 잇는 무기체계다. 고속기동포병로켓시스템(HIMARS·하이마스) 등에 장착해 지상을 이동하면서 지상·해상 목표를 타격할 수 있다. 사거리가 최장 300㎞ 수준인 에이태큼스의 2배 가까운 500㎞ 수준으로 길어졌고 정밀도도 훨씬 높아졌다. 또 하이마스에 1대씩 장착 가능한 에이태큼스보다 소형화돼 2대씩 장착할 수 있어 화력이 그만큼 강해졌다. 리처드 말스 호주 부총리 겸 국방부 장관은 ""호주와 미국의 역량·기술 협력은 우리 동맹의 핵심""이라면서 ""(앤서니) 앨버니지 (총리) 정부의 프리즘 미사일 투자로 지상 기반의 장거리 타격 역량이 확장되고 (배치) 속도가 빨라질 것""이라고 밝혔다. 또 이번 협약 체결이 ""잠재적 위협에 대한 억지력을 강화하고 호주군이 우리의 전략적 상황에 대응하고 호주 국민을 안전하게 지키도록 무장할 수 있게 보장할 것""이라고 덧붙였다. 호주는"
https://www.yna.co.kr/view/AKR20250610085700064,"보은군 ""라오스 계절근로자 45명 투입""","(보은=연합뉴스) 박병기 기자 = 충북 보은군은 라오스 계절근로자 45명이 입국해 영농현장에 투입됐다고 10일 밝혔다. 이들은 개별 농가와 계약하는 대신 공동숙소(옛 백송호텔)에 머물면서 그날그날 일손이 필요한 농가를 '핀셋 지원'하는 역할을 한다. 하루 인건비는 8만3천원이다. 앞서 보은군은 지난해부터 라오스 노동사회복지부와 접촉해 계절근로자 도입을 추진해왔다. 군 관계자는 ""농민들의 수요가 많아 계절근로자 인원을 확대하는 중""이라며 ""라오스 근로자 일손이 필요한 농가는 보은농협(☎ 043-540-2605)과 남보은농협(☎ 043-540-6423)에 신청해 달라""고 말했다. 올해 이 지역에는 베트남, 캄보디아 등에서 결혼이주여성 친정 가족이나 친인척 등 402명의 계절근로자가 순차적으로 들어올 예정이다. bgipark@yna.co.kr"
https://www.yna.co.kr/view/AKR20250610084300007,"김혜성, 좌완 상대로 2루타 쳤는데…8회 또 왼손 나오자 교체","플래툰에 갇힌 김혜성, 연일 불방망이에도 '제한적 출전 기회' (서울=연합뉴스) 김경윤 기자 = '혜성 특급' 김혜성(로스앤젤레스 다저스)이 3경기 연속 안타 행진을 이어갔다. 김혜성은 10일(한국시간) 미국 캘리포니아주 샌디에이고 펫코 파크에서 열린 2025 미국프로야구 메이저리그(MLB) 샌디에이고 파드리스와 방문 경기에 9번 타자 중견수로 선발 출전해 3타수 1안타 1타점을 기록했다. 김혜성의 시즌 타율은 0.414에서 0.410(61타수 25안타)으로 소폭 떨어졌다. 첫 타석에선 범타로 물러났다. 김혜성은 2-2로 맞선 2회초 주자 없는 1사에서 샌디에이고 오른손 선발 닉 피에타를 만났다. 그는 3볼 1스트라이크에서 5구째 높은 직구를 쳐 유격수 뜬 공으로 아웃됐다. 3회 두 번째 타석도 아쉬웠다. 다저스는 2-3으로 뒤진 3회초 공격에서 3점을 뽑아내며 5-3으로 역전했고, 김혜성은 2사 2, 3루 기회에서 타석에 들어섰다. 김혜성은 볼카운트 1볼 2스트라이크에서 피에타의 한가운데 몰린 커브를 노렸으나 헛스윙하며 물러났다. 김혜성은 하늘을 향해 탄식한 뒤 헬멧을 치며 아쉬움을 표현하기도 했다. 안타는 5-6으로 뒤진 5회초 공격 때 나왔다. 샌디에이고는 5회초 수비에서 피에타를 마운드에서 내리고 왼손 불펜 마쓰이 유키를 투입했다. 다저스의 데이브 로버츠 감독은 평소 왼손 투수가 나왔을 때 왼손 타자인 김혜성을 내보내지 않거나 교체하기 일쑤였으나 이때는 달랐다. 김혜성은 2사 2루에서 교체 없이 마쓰이를 상대했다. 낮은 슬라이더 초구에 헛스윙한 김혜성은 2구째 몸쪽 시속 143.1㎞ 슬라이더를 놓치지 않았다. 절묘하게 당겨쳐 오른쪽 담장 구석으로 타구를 보냈다. 김혜성은 쏜살같이 내달렸고, 2루에 안착한 뒤 두 손을 흔드는 세리머니를 펼쳤다. 이후 김혜성은 후속 타자 오타니 쇼헤이가 1루 땅볼을 치면서 득점하진 못했"
https://www.yna.co.kr/view/AKR20250610084500056,"제주관광공사, 14∼15일 '수산리 사탕옥수수 대잔치'","(제주=연합뉴스) 백나용 기자 = 제주시 애월읍 수산리 대표 농작물인 사탕옥수수(초당옥수수)와 함께 하는 마을잔치가 열린다. 제주관광공사는 오는 14일과 15일 이틀간 제주시 애월읍 수산리 일대에서 '수산리 사탕옥수수 대잔치' 행사를 연다고 10일 밝혔다. 농림축산식품부의 지역단위 농촌관광사업 중 하나로 열리는 이번 행사는 수산리 대표 농산물인 사탕옥수수를 주제로 주민과 이주민·관광객이 함께 즐길 수 있는 자리로 기획됐다. 주요 프로그램으로는 1.5㎞ 코스를 따라 수산리 마을 곳곳을 산책하며 임무를 수행하는 '2025 제주 마라CORN'과 지역 주민과 마을 길을 걷고 옥수수밭에서 직접 사탕옥수수를 수확하며 다양한 이야기를 듣는 '옥수수 도슨트', 마을주민이 직접 참여하는 '옥수수 장터', '옥수수 백일장' 등이 있다. '2025 제주 마라CORN'과 '옥수수 도슨트' 참가 신청은 모바일 예약페이지(www.maeulzip.com) 또는 현장 접수를 통해 가능하며, 선착순으로 진행된다. dragon.me@yna.co.kr"
https://www.yna.co.kr/view/AKR20250610084100063,"백석문화대·오스템임플란트, 산학협력 협약","(천안=연합뉴스) 유의주 기자 = 백석문화대는 10일 치과 의료기기 기업 오스템임플란트㈜와 산학협력 협약을 했다. 이번 협약은 백석문화대 치위생과 학생들에게 산업체 연계형 실습과 교육 기회를 제공하고, 대학과 기업 간 지속 가능한 산학협력 체계를 구축하기 위해 마련됐다. 양측은 현장실습 운영, 직무 맞춤형 교육 콘텐츠 공동 개발, 전문 인력 양성을 위한 자원 교류 등 다양한 분야에서 협력을 확대할 계획이다. yej@yna.co.kr"
https://www.yna.co.kr/view/AKR20250610083100004,"경찰, 故 장제원 전 의원 성폭력 의혹 사건 '공소권 없음' 종결",(서울=연합뉴스) 이율립 최원정 기자 = 경찰이 고(故) 장제원 전 국민의힘 의원의 성폭력 의혹 사건을 '피의자 사망으로 인한 공소권 없음'으로 종결했다. 10일 경찰에 따르면 서울경찰청은 이날 준강간치상 혐의로 고소된 장 전 의원 사건을 이같이 결론지었다. 장 전 의원은 부산의 한 대학교 부총장이던 2015년 11월 비서를 상대로 성폭력을 한 혐의로 고소돼 경찰 수사를 받던 중 지난 3월 31일 서울 강동구의 한 오피스텔에서 숨진 채 발견됐다. 장 전 의원의 사망 사건을 수사하던 서울 강동경찰서도 지난 5일 장 전 의원의 사망과 관련해 범죄 혐의점이 없다고 보고 수사를 종결했다. 2yulrip@yna.co.kr
https://www.yna.co.kr/view/AKR20250610067000064,"충북도·단양군, 매포읍 폐천부지 활용 업무협약","(청주=연합뉴스) 천경환 기자 = 충북도는 10일 단양군과 폐천부지 활용을 위한 업무협약을 했다. 협약 내용은 환경부가 도에 이관하는 연면적 약 30만㎡ 규모의 매포읍 일원 폐천부지를 단양군이 활용할 수 있도록 재정적·행정적으로 지원하는 것이다. 단양군은 폐천부지에 시멘트 공장에서 발생하는 이산화탄소를 배출단계에서 포집하고 활용하는 CCU 클러스터와 전동자전거 길 등을 조성할 계획이다. 김영환 지사는 ""버려진 공간이 지속 가능한 미래 자산으로 전환되는 모범사례로 안착할 수 있도록 지원을 아끼지 않겠다""고 말했다. kw@yna.co.kr"
https://www.yna.co.kr/view/AKR20250610083300073,"日언론 ""G7, 트럼프 탓에 정상회의 공동성명 안 낼 듯""","러시아 축출 2014년 이후 처음…분야별 문서 발표 가능성 (도쿄=연합뉴스) 박상현 특파원 = 주요 7개국(G7)이 오는 15∼17일 캐나다 앨버타주에서 열리는 정상회의에서 공동성명을 내지 않는 방안을 조율하고 있다고 아사히신문과 마이니치신문이 일본 정부 관계자를 인용해 10일 보도했다. 보도에 따르면 G7은 공동성명 발표를 위한 준비 작업에도 착수하지 않은 것으로 알려졌다. G7은 미국, 영국, 프랑스, 독일, 일본, 이탈리아, 캐나다가 모여 결성한 협의체로, 한때는 러시아를 포함해 G8 체제를 이루기도 했다. 아사히는 러시아가 크림반도 강제 합병으로 축출돼 G7 체제로 복귀한 2014년 이후 정상회의 성명이 나오지 않은 해가 없었다고 전했다. 이번 정상회의에서 공동성명 발표가 보류되는 주된 요인은 도널드 트럼프 미국 대통령과 다른 회원국 간 인식차라고 일본 언론은 짚었다. 마이니치는 ""트럼프 행정부의 관세 조치와 우크라이나 전쟁 대응 등을 둘러싸고 미국과 각국 사이의 골이 드러나는 것을 피하려는 의도가 있다""고 해설했다. 이어 ""트럼프 대통령은 본래 다국 간 협력 체제와 거리를 둬 왔다""며 ""제1기 행정부 시절에는 정상회의 성명 발표가 보류되지 않았지만, 자유무역 등 표현과 관련해 다른 정상과 대립하는 장면도 있었다""고 전했다. G7 정상은 이번 회의에서 중요 광물 공급망 강화, 인공지능(AI)과 양자 기술을 이용한 경제 성장 등을 논의하고, 분야별로 성과를 담은 문서를 낼 방침이다. psh59@yna.co.kr"
https://www.yna.co.kr/view/AKR20250610082600007,"박원빈, KBS배 육상 남자 3,000ｍ 장애물 우승","(서울=연합뉴스) 하남직 기자 = 박원빈(충주시청)이 제53회 KBS배 전국육상경기대회 남자 일반부 3,000ｍ 장애물에서 우승했다. 박원빈은 10일 경북 예천스타디움에서 열린 대회 남자 일반부 3,000ｍ 장애물 경기에서 9분08초90으로 가장 먼저 결승선을 통과했다. 2위는 9분14초61에 달린 고동욱(충주시청)이었다. 우승을 차지했지만, 박원빈의 기록은 만족스럽지 않았다. 그는 3,000ｍ 장애물 한국 역대 2위 기록(8분46초47)을 보유했다. 이 종목 한국 기록은 1999년에 진수선이 작성한 8분42초86이다. 2023년에 열린 항저우 아시안게임에서 11위, 올해 5월에 개최된 구미 아시아선수권에서 6위를 한 박원빈은 아시아 무대를 두드리며 한국 기록 경신에 도전하고 있다. 여자 일반부 원반던지기에서는 한국 기록(57ｍ70)을 보유한 신유진(논산시청)이 53ｍ45로 우승했다. 정지혜(강원도체육회)가 50ｍ09로 2위에 올랐다. 최경선(제천시청)은 여자 10,000ｍ에서 35분31초32로, 현서용(김천시청·36분04초30)을 제치고 1위를 차지했다. jiks79@yna.co.kr"
https://www.yna.co.kr/view/AKR20250610072800064,"괴산 중원대학교, 승마시설 개보수 지원 사업 선정","(청주=연합뉴스) 천경환 기자 = 충북도는 농림축산식품부가 주관하는 '2026년 농어촌형 승마시설 등 설치지원' 사업에 괴산 중원대학교가 선정됐다고 10일 밝혔다. 2018년 중원대학교에 지어진 공공 승마장을 개보수하는 사업으로, 내년까지 10억원을 들여 마구간, 말 훈련 시설 등을 조성할 계획이다. 괴산군은 산막이옛길, 충북수산파크, 화양구곡 등 여러 관광 자원과 연계해 말산업을 육성할 방침이다. 최동수 충북도 축수산과장은 ""국민들의 소득 수준이 높아지면서 승마에 대한 관심도가 증가하는 상황""이라며 ""관광자원이 풍부한 괴산군의 공모사업 선정은 지역 경제에 크게 기여할 것으로 기대된다""고 말했다. kw@yna.co.kr"
https://www.yna.co.kr/view/AKR20250610082500076,'국경분쟁' 태국·캄보디아 신경전…상대국민 체류허용기간 단축,"태국 외교부 ""캄보디아 국경 지역 전기·인터넷 공급 중단 검토"" (방콕=연합뉴스) 강종훈 특파원 = 태국과 캄보디아가 국경 지역 충돌 이후 긴장 완화를 위한 논의를 이어가면서도 상대국 국민의 체류 허용 기간을 단축하는 등 신경전을 벌이고 있다. 10일 AP통신과 방콕포스트에 따르면 태국 외교부는 캄보디아가 태국인 방문객의 체류 허용 기간을 단축함에 따라 이에 상응하는 조처를 했다고 전날 밝혔다. 외교부는 캄보디아 당국이 육로로 입국하는 태국 여권 소지자에 대한 체류 허용 기간을 기존 14일에서 7일로 줄였다고 말했다. 이에 대응해 육로로 태국을 방문하는 캄보디아 여권 소지자의 체류 허용 기간을 기존 60일에서 7일로 단축했다고 외교부는 덧붙였다. 양국 모두 항공편을 이용해 입국하는 상대국 국민에 대해서는 체류 허용 기간을 단축하지 않았다. 니콘뎃 팔랑꾼 태국 외교부 대변인은 ""이번 조치가 얼마나 지속될지는 알 수 없다""며 ""상황이 나아지면 체류 허용 기간 연장을 논의할 수 있지만, 지금은 우선순위에 있지 않다""고 말했다. 태국 정부는 캄보디아 국경 지역에 대한 전기와 인터넷 서비스 공급 중단도 검토하고 있다. 니콘뎃 대변인은 ""카지노와 온라인 사기 조직 작업장이 있는 캄보디아 지역으로의 전기 공급 등을 차단하는 방안이 논의될 것""이라며 ""초국가적 범죄에 사용될 수 있는 제품의 캄보디아 공급도 제한할 수 있다""고 말했다. 그동안 태국은 인접국인 미얀마와 캄보디아 국경 일부 지역에 전기와 인터넷 서비스를 제공해왔다. 앞서 태국 정부는 지난 2월 미야와디 등 온라인 사기 범죄 조직 근거지로 알려진 미얀마 국경 도시 5곳에 대한 전기, 인터넷 공급을 중단했다. 국경 지역 분쟁으로 양국 간 갈등이 불거지자 캄보디아에도 같은 조처를 할 수 있다고 경고한 셈이다. 지난달 28일 태국 북동부 우본라차타니주 남위안 지역 국경지대에서 태국과 캄보디아 군이 소규모 총격전을 벌였고, 캄보디"
https://www.yna.co.kr/view/AKR20250610066000005,"K-콘텐츠 해외 저작권 침해, 국제 공조로 대응 강화","문체부, 국내외 기관과 '저작권 보호 집행 국제공조회의' (서울=연합뉴스) 황재하 기자 = K-콘텐츠의 세계적인 인기로 해외에서 저작권 침해가 급증함에 따라 정부가 국제 공조를 통한 대응에 박차를 가한다. 문화체육관광부는 10일 호텔 나루 서울 엠갤러리에서 국내외 수사 기관과 콘텐츠 업계 관계자 등 70여명이 참석한 가운데 '2025 저작권 보호 집행 국제공조회의'를 열었다고 밝혔다. 이번 회의에는 필리핀·베트남·말레이시아·태국 등 4개국 수사 기관과 인터폴, 미국 국토안보수사국(HSI 한일지부), 대전지검 특허부, 경찰청 등 국내외 법집행기관이 참여했다. 이들 기관은 K-콘텐츠의 해외 저작권을 침해하는 불법 사이트 차단과 수사 현안을 논의하고, 효과적인 국제공조 수사체계 구축을 위한 협력 방안을 모색했다. 네이버웹툰, 카카오엔터테인먼트, 키다리스튜디오, MBC, 말레이시아 아스트로(Astro) 등 콘텐츠 업계 주요 기업도 회의에 참석해 해외 저작권 침해 실태를 공유했다. 문체부와 한국저작권보호원은 2022년 온라인 콘텐츠 보호 국제 세미나를 시작으로 인터폴, 경찰청과 함께 K-콘텐츠 해외 저작권 침해 범죄에 대한 국제공조 수사 협력체계를 구축해왔다. 2023년에는 인도네시아 불법 인터넷TV(IPTV) 운영자 등 3명을, 2024년에는 필리핀 현지 합동 작전으로 불법 IPTV 서비스 제공 피의자를 검거했다. 올해 초에는 베트남에서 불법 스트리밍사이트를 운영한 총책 2명을 구속했다. 이날 회의에서는 한국과 필리핀 간 저작권 보호 협력 분야 업무협약(MOU)도 체결했다. 양국은 저작권 범죄 국제공조 수사와 정보 교류 등 협력 강화를 약속했다. 정향미 문체부 저작권국장은 ""적극적인 국제공조로 해외 K-콘텐츠 저작권 침해 대응을 더욱 강화하겠다""고 말했다. jaeh@yna.co.kr"
https://www.yna.co.kr/view/AKR20250610070500051,"부산교육청, 모든 기관 3년간 법인카드 사용 내역 전수조사","""이중점검·투명성 강화로 횡령 사고 예방"" (부산=연합뉴스) 조정호 기자 = 최근 공금 횡령 사건이 잇따라 발생한 부산시교육청이 회계업무 투명성을 강화하겠다며 개선대책을 내놓았다. 부산시교육청은 이번 회계 사고가 법인카드 사용관리 미흡과 지출업무 처리 과정에서 관리자 점검 소홀에 원인이 있는 것으로 나타나 '회계사고 근절을 위한 종합 개선대책'을 10일 발표했다. 시교육청이 마련한 회계사고 근절 종합 개선대책의 주요 내용은 ▲ 회계 처리 과정 이중 점검 ▲ 법인카드 사용관리 강화 ▲ 회계 필수 이행사항 점검 강화 ▲ 향후 유사사례 적발 시 처벌 강화 ▲ 회계 관계 공무원의 청렴 및 윤리 의식 제고 등이다. 시교육청은 관리자가 매월 현금출납부를 의무적으로 확인하고 계좌 개설·해지 시 알림 문자 대상에 담당자 이외에 출납원을 의무적으로 지정하기로 했다. 학교 적립금 통장 '잔고증명서' 이외 '거래내역서'도 첨부해 보고하도록 했고 심야에 카드사용을 제한한다. 공무원 직무연수에 회계 관련 교육 시수를 확대하고 회계 관계 공무원 대상 전문 직무교육 과정을 확대한다. 시교육청은 학교를 포함한 전 기관을 대상으로 3년간 법인카드 사용 내역에 대한 전수조사를 하는 등 회계 관련 업무처리 파악에도 나선다. 전수조사 결과 이상 거래 내역이 발견될 경우에는 감사를 의뢰하고, 해당 기관에는 별도의 컨설팅도 할 예정이다. 김석준 교육감은 ""회계 부정사고로 시민 여러분에게 심려를 드려 죄송하고 다시는 일어나지 않도록 내부통제 강화와 청렴 인식 개선을 목표로 개선대책을 마련했다""며 ""이러한 대책들이 현장에 잘 안착할 수 있도록 이행 상황을 지속적으로 점검해 나갈 것""이라고 말했다. 부산시교육청은 최근 회계사고를 일으킨 직원 2명을 경찰에 고발했다. 해운대교육지원청 소속 공무원 A씨는 지난해 9월부터 올해 5월까지 8억원의 공금을 빼돌려 불법 스포츠 도박을 했다는 혐의를 받고 있으며, 서부교육지원청 소"
https://www.yna.co.kr/view/AKR20250610076600003,"기아, 차세대 군용 중형표준차 양산…""험난한 환경서도 안전""","(서울=연합뉴스) 홍규빈 기자 = 기아는 차세대 군용 중형 표준차(KMTV)를 본격적으로 양산한다고 10일 밝혔다. 기아는 이날 오토랜드 광주 하남공장에서 '차세대 중형 표준차 양산 출고 기념식'을 열었다. 행사에는 김익태 기아 특수사업부장, 국방부 자원관리실장, 육군본부 군수참모부장 등 100여명이 참석했다. 차세대 중형표준차는 1977년 이후 48년 만에 나온 차세대 모델로, 기아는 2019년 육군과 계약을 체결한 이래 시제품 개발, 개발시험·운용시험평가, 초도 시험·선생산 등 과정을 거쳤다. 차세대 중형표준차는 2.5t(톤)과 5t 두 가지 모델로 출시된다. 각각 280마력, 330마력 디젤 엔진을 장착했고 8단 자동 변속기가 적용됐다. 수심 1m 하천 도섭과 60％ 종경사·40% 횡경사 주행이 가능하고 전자파 차폐, 영하 32도 시동, 런플랫 타이어, 최대 25명 탑승(5톤 기준) 등 사양을 통해 험난한 환경에서도 안전하게 주행할 수 있다고 기아는 설명했다. 이밖에 어라운드 뷰, 에어 서스펜션 시트, 전후방 카메라, 내비게이션 등 최신 편의사양도 장착됐다. 기아는 이달 한국 육군에 인도한 뒤 국내외 고객에게 공급을 추진할 계획이다. 기아 관계자는 ""기아 군용차량은 험지 주행 성능과 내구성을 인정받아 글로벌 판매를 확대하고 있다""며 ""앞으로도 혁신 기술을 적용해 군의 안전한 이동을 돕는 특수차량을 개발하는 등 군용 모빌리티의 미래 비전을 지속해 제시하겠다""고 말했다. bingo@yna.co.kr"
https://www.yna.co.kr/view/AKR20250610080800009,"화웨이 CEO ""어센드칩, 美보다 한세대 뒤져…美, 우리성과 과장""","런정페이, 인민일보 인터뷰…트럼프 행정부 '어센드칩 통제' 관련 언급 (서울=연합뉴스) 권수현 기자 = 중국 최대 통신장비 업체 화웨이 창업자 겸 최고경영자(CEO) 런정페이가 자사 인공지능(AI) 칩 '어센드'와 관련해 미국이 성과를 과장하고 있다며 ""화웨이 칩은 여전히 미국보다 한 세대 뒤처져 있다""고 말했다. 런 CEO는 이날 중국 공산당 기관지 인민일보와의 인터뷰에서 어센드 칩에 대한 미국의 수출통제 조치의 영향에 대한 질문에 ""중국에서 칩을 만드는 회사는 많고 그 가운데 다수 기업이 잘하고 있으며 화웨이는 그중 하나""라며 ""미국은 화웨이의 성과를 과장했다""고 답했다. 그는 이어 ""화웨이는 아직 그렇게 대단하지 않으며 열심히 해야 그들의 평가에 도달할 수 있다""며 ""우리의 단일 칩은 여전히 미국보다 한 세대 뒤처져 있다""고 강조했다. 런 CEO의 이런 발언은 앞서 지난달 미국 정부가 화웨이의 어센드 칩을 세계 모든 국가가 사용해선 안 된다는 방침을 발표한 데 대한 것이다. 미국 상무부 산업안보국(BIS)은 지난달 13일 ""전 세계 어디서든 화웨이의 어센드 칩을 사용하면 미국의 수출통제를 위반하는 게 될 것""이라고 밝혔다. 이에 중국은 ""일방적 괴롭힘""이라고 비난하며 이런 조치를 실행한 조직·개인에 법적 책임을 물을 것이라고 경고했다. 런 CEO는 또한 미국의 제재 속에 고성능 칩을 개발하기 위해 어떤 노력을 기울이는지에 대해서도 언급했다. 그는 ""우리는 수학으로 물리학을 보완하고, 비(非) 무어의 법칙으로 무어의 법칙(반도체 성능이 18∼24개월마다 2배로 증가한다는 관측)을 보완하며, 클러스터컴퓨팅으로 단일 칩을 보완한다""면서 ""이를 통해 결과적으로는 실용적인 상태를 달성할 수 있다""고 설명했다. 이와 관련해 어려운 점이 있느냐는 질문에 런 CEO는 ""언제는 어려움이 없었겠느냐""고 반문하면서 ""중국은 중저급 칩에서 기회를 얻을 수 있다. 중국의 수십 수백개 칩 회사가 모두"
https://www.yna.co.kr/view/AKR20250610082100009,"[속보] 시진핑 ""한중, 서로의 핵심이익과 중요 관심사 존중해야""<中CCTV>",
https://www.yna.co.kr/view/AKR20250610081900009,"[속보] 시진핑, 李대통령에 ""다자주의·자유무역 함께 수호하자""<中신화>",
https://www.yna.co.kr/view/AKR20250610078700009,"""TSMC, 미국 패키징공장 부지 미확정…대만서 패키징 진행""","(타이베이=연합뉴스) 김철문 통신원 = 세계 최대 반도체 파운드리(수탁생산) 기업 TSMC가 미국 내 첨단 패키징 공장 건설을 위한 부지를 아직 낙점하지 못했다고 자유시보 등 대만언론이 10일 소식통을 인용해 보도했다. 소식통은 TSMC가 미국 애리조나 피닉스 21팹(fab·반도체 생산공장) 1공장(P1)이 지난해 말부터 양산에 들어간 4㎚(나노미터·10억분의 1m) 웨이퍼의 패키징을 대만에서 진행할 계획이라고 설명했다 이 소식통은 TSMC가 지난 3월 미국 백악관에서 밝힌 첨단 패키징 공장 2곳의 건설 부지를 낙점하지 못하고 있으며 아직 평가 중이라고 덧붙였다. 또한 면적이 445㏊(헥타르·1㏊는 1만㎡)에 이르는 애리조나 공장에 6개의 공장이 들어설 예정이므로 첨단 패키징 공장 2곳과 연구·개발(R&D) 센터는 다른 부지에 건설해야 할 것이라고 전했다. 다른 소식통은 TSMC가 지난해 10월 세계 2위 반도체 패키징 업체 앰코 테크놀로지와 업무협약(MOU)을 체결해 애리조나 현지에서 첨단 패키징 테스트 서비스를 제공하려 했지만, 공급 부족으로 첨단 패키징은 여전히 대만에서 이뤄져야 한다고 밝혔다. 앞서 TSMC는 지난 3월 백악관에서 미국 내 생산량을 늘리기 위해 1천억 달러(약 135조9천억원)를 추가로 투자해 공장 등을 증설하겠다고 발표했다 기존 투자 계획 650억 달러에 추가되는 것으로, 최종적으로 미국 내에 첨단 웨이퍼 제조 공장 6곳과 첨단 패키징 공장 2곳을 짓겠다는 내용이다. 대만 언론은 TSMC가 미국 내 투자 확대 및 양산에 나서고 있지만 불완전한 공급망과 높은 생산 비용, 고객 수요 부족으로 인한 주문 감소, 현지 인력 양성 등에 어려움을 겪고 있다고 지적했다. 이어 미국 21팹 P1의 웨이퍼 생산량이 월 1만5천장에 불과하고 2공장(P2)의 계획 설비 규모가 P1보다 작다면서 속도 조절 가능성을 지켜봐야 한다고 지적했다. 아울러 현재 21팹의 최대 고객이 애플이"
https://www.yna.co.kr/view/AKR20250610078700009,"""TSMC, 미국 패키징공장 부지 미확정…대만서 패키징 진행""","(타이베이=연합뉴스) 김철문 통신원 = 세계 최대 반도체 파운드리(수탁생산) 기업 TSMC가 미국 내 첨단 패키징 공장 건설을 위한 부지를 아직 낙점하지 못했다고 자유시보 등 대만언론이 10일 소식통을 인용해 보도했다. 소식통은 TSMC가 미국 애리조나 피닉스 21팹(fab·반도체 생산공장) 1공장(P1)이 지난해 말부터 양산에 들어간 4㎚(나노미터·10억분의 1m) 웨이퍼의 패키징을 대만에서 진행할 계획이라고 설명했다 이 소식통은 TSMC가 지난 3월 미국 백악관에서 밝힌 첨단 패키징 공장 2곳의 건설 부지를 낙점하지 못하고 있으며 아직 평가 중이라고 덧붙였다. 또한 면적이 445㏊(헥타르·1㏊는 1만㎡)에 이르는 애리조나 공장에 6개의 공장이 들어설 예정이므로 첨단 패키징 공장 2곳과 연구·개발(R&D) 센터는 다른 부지에 건설해야 할 것이라고 전했다. 다른 소식통은 TSMC가 지난해 10월 세계 2위 반도체 패키징 업체 앰코 테크놀로지와 업무협약(MOU)을 체결해 애리조나 현지에서 첨단 패키징 테스트 서비스를 제공하려 했지만, 공급 부족으로 첨단 패키징은 여전히 대만에서 이뤄져야 한다고 밝혔다. 앞서 TSMC는 지난 3월 백악관에서 미국 내 생산량을 늘리기 위해 1천억 달러(약 135조9천억원)를 추가로 투자해 공장 등을 증설하겠다고 발표했다 기존 투자 계획 650억 달러에 추가되는 것으로, 최종적으로 미국 내에 첨단 웨이퍼 제조 공장 6곳과 첨단 패키징 공장 2곳을 짓겠다는 내용이다. 대만 언론은 TSMC가 미국 내 투자 확대 및 양산에 나서고 있지만 불완전한 공급망과 높은 생산 비용, 고객 수요 부족으로 인한 주문 감소, 현지 인력 양성 등에 어려움을 겪고 있다고 지적했다. 이어 미국 21팹 P1의 웨이퍼 생산량이 월 1만5천장에 불과하고 2공장(P2)의 계획 설비 규모가 P1보다 작다면서 속도 조절 가능성을 지켜봐야 한다고 지적했다. 아울러 현재 21팹의 최대 고객이 애플이"
https://www.yna.co.kr/view/AKR20250610081351009,"""李대통령, 시진핑 中국가주석과 첫 전화 통화""","(서울=연합뉴스) 이봉석 기자 = 이재명 대통령과 시진핑 중국 국가주석이 10일 첫 전화 통화를 했다고 중국 관영 신화통신이 보도했다. 이 대통령이 취임 후 해외 정상과 전화 통화를 한 것은 지난 6일 도널드 트럼프 미국 대통령, 전날 이시바 시게루 일본 총리에 이어 세 번째다. anfour@yna.co.kr"
https://www.yna.co.kr/view/AKR20250610081300009,"[속보] ""李대통령, 시진핑 中국가주석과 첫 전화 통화"" <中CCTV>",
https://www.yna.co.kr/view/AKR20250610080600061,"'최서원 명예훼손 혐의' 재판서 안민석 ""명예훼손 당한 사람은 나""","검찰 종전대로 징역 1년 재구형…7월 10일 선고 (수원=연합뉴스) 류수현 기자 = 박근혜 정부 국정농단 사건의 핵심 인물인 최서원(개명 전 최순실) 씨에 대한 명예훼손 발언을 한 혐의로 기소된 안민석 전 더불어민주당 의원이 1심 재판에서 ""오히려 명예훼손을 당한 사람은 본인""이라며 재차 무죄를 주장했다. 안 전 의원은 10일 수원지법 형사19단독 설인영 판사 심리로 열린 정보통신망법상 명예훼손 혐의 사건 결심 공판에서 ""최서원 씨는 자신의 추악한 국정농단을 끈질기게 파헤친 저를 상대로 악의적인 고소 고발을 여러 차례 남발했고 일부 보수 유튜버도 저를 악마화 시켰다""며 이같이 최후 진술했다. 안 전 의원은 ""저는 불의에 맞선 것이지 최서원 씨와 싸운 게 아니다""라며 ""정의와 진실을 바로 세우기 위한 제 발언이 명예훼손죄로 벌 받아야 한다면 국민의 명예를 추락시킨 최서원은 법정 최고형을 받아야 한다""고 말했다. 그러면서 ""제가 수년 전 언론 등을 통해 제기한 최서원 씨의 은닉재산 의혹을 검찰이 밝혀냈다면 저는 이 자리 서지 않았을 것""이라며 ""제가 한 발언과 표현을 벌주려는 검찰의 의도는 강도를 잡고 '강도야' 소리 지른 사람을 소란죄로 벌주는 것과 다름 없다""고 강조했다. 안 전 의원의 변호인은 ""이 사건 관련 손해배상 소송에서는 위법성 조각성 사유로 손해배상 책임을 지지 않는다고 판단했는데, 검찰이 피고인이 한 전체 발언의 진정한 취지를 무시하고 지엽적인 부분만 문제 삼아 명예훼손으로 기소한 것은 공소권 남용 여지가 있다""며 ""발언의 전체적인 취지와 맥락, 헌법상 표현의 자유 및 국민의 알 권리 등을 고려하면 이 사건 공소사실은 의견 표명에 해당한다""고 최후 변론했다. 검찰은 안 전 의원에게 종전대로 징역 1년을 선고해달라고 재판부에 요청했다. 검찰은 올해 1월 23일 결심 공판에서 이같이 구형했으나 양측의 추가 증거 신청 등으로 변론이 재개됐다. 검찰은 앞선 결심에서 ""당시 국민적 관심이 큰 사안"
https://www.yna.co.kr/view/AKR20250610080900527,전남 여수 오존주의보 해제,"(광주=연합뉴스) 전남 여수에 내려진 오존주의보가 10일 낮 12시 해제됐다고 환경부 한국환경공단이 전했다. 해제 지역의 시간 평균 오존 농도는 낮 12시 현재 0.0864ppm(100만분의 1)이다. 1시간 평균 공기 중 오존(O₃) 농도가 0.12ppm 이상이면 오존주의보가, 0.30ppm 이상이면 오존경보가, 0.50ppm 이상이면 오존중대경보가 각각 발령된다. weather_news@yna.co.kr"
https://www.yna.co.kr/view/AKR20250610078900001,"여야, 산불 대응 지휘체계 개편 촉구…""일원화한 체계 갖춰야""","국회 산불피해지원대책특위 전체회의 (서울=연합뉴스) 안정훈 기자 = 국회 산불피해지원대책특별위원회 소속 여야 의원들은 10일 산림 화재 발생 시 효율적인 대응을 위한 지휘 체계 개편 필요성을 한목소리로 촉구했다. 산불특위는 이날 국회에서 전체회의를 열고 행정안전부와 기획재정부, 소방청, 산림청 등 관계기관의 보고를 받았다. 더불어민주당 박정현 의원은 이 자리에서 ""원인에 대해 정확한 점검을 해야 변화한 산불 특성에 맞는 대책을 제대로 수립할 수 있다""며 ""가장 중요한 문제가 지휘체계""라고 말했다. 박 의원은 ""산림화재만 재난안전법보다 산림보호법이 우선하고 있다""며 ""이 법체계가 실제로 산림 화재 발생 시에 제대로 일원화된 지휘체계를 갖추는 데 어려움이 있지 않나""라고 지적했다. 민주당 이원택 의원은 ""중앙사고수습본부(중수본) 운영체계에서 지휘체계의 점검을 해봐야 한다""며 ""지자체의 진화 역량과 산림청, 중수본 진화 역량을 초기에 동원해서 화재를 진압하는 게 대단히 중요하다""고 강조했다. 국민의힘 서천호 의원은 ""법적으로 잔불은 지자체장이 책임이고, 산불은 산림청장, 들불은 소방청이 책임지고 관리하도록 나뉘었다""며 ""실상은 들불과 산불, 잔불이 한 메커니즘으로 돌아간다""고 설명했다. 서 의원은 이어 ""현장에서 보면 지휘 체계 부분이 상당히 어수선하다""며 ""법적으로 책임이 구분돼 있고 지휘체계도 구분돼 있다. 이 부분은 행정안전부에서 재검토해야 할 것""이라고 강조했다. 같은 당 이달희 의원도 ""현장에서 산불을 많이 접해본 입장에서 예방과 복구는 산림청이 맡고 진화는 소방청으로 일원화 돼야 한다""고 강조했다. 한편 임상섭 산림청장은 최근 동시다발적인 산불의 방화 의혹과 관련해 ""지역 주민의 부주의나 영농 부산물 소각 등으로 발화한 것""이라고 설명했다. hug@yna.co.kr"
https://www.yna.co.kr/view/AKR20250610080100001,"與민병덕, '원화 스테이블 코인 허용' 디지털자산기본법 발의","대통령 직속 디지털자산위원회 설치…스테이블코인 사전인가제 도입 ""온라인 결제시장 패권 쥐어야…방향도 중요하지만 속도도 중요"" (서울=연합뉴스) 김정진 기자 = 더불어민주당 민병덕 의원은 원화 스테이블 코인 발행 허용과 대통령 직속 디지털자산위원회 설치 등을 골자로 한 '디지털자산기본법'을 대표발의했다고 10일 밝혔다. 민 의원은 이날 국회에서 기자회견을 열고 ""디지털자산은 더 이상 변방의 실험적 수단이 아니다""라며 발의 배경을 설명했다. 그러면서 ""미국, 유럽연합(EU), 일본 등 주요국은 디지털자산의 발행·유통·거래에 이르기까지 전방위 규제를 도입하며 제도화를 선도하고 있다""면서 ""우리나라는 체계적이고 종합적인 법제가 아직 부재한 상황""이라고 지적했다. 민 의원에 따르면 디지털 자산 시장은 6월 기준 약 3천300조원(2조5천억달러) 규모로 5년 새 3배 정도 증가했다. 법안은 대통령 직속 디지털자산위원회를 신설해 관련 산업을 국가 차원에서 전략적으로 육성하며 정책 조율을 하도록 하고 디지털자산 발행을 법률로 허용하는 내용을 담고 있다. 이 법안이 통과되면 원화 기반 스테이블 코인(특정 자산에 가치를 연동한 가상자산) 발행이 가능해진다. 금융위를 중심으로 인가·등록·신고제 도입, 특히 스테이블코인과 같은 자산연동형 디지털 자산에 대한 사전인가제 도입과 자기자본 요건 설정 등 투자자 보호장치 마련 등의 내용도 포함됐다. 아울러 한국디지털자산협회를 자율규제기구로 설립해 거래지원(상장) 적격성 심사, 시장 감시 등의 기능을 맡기고 불공정거래를 처벌하도록 하는 내용도 담겼다. 민 의원은 ""이 법안은 디지털자산에 대한 규제를 넘어 우리 경제의 새로운 성장동력을 확보하고 금융 주권을 지키기 위한 기반""이라며 ""원화 기반의 디지털자산 생태계 조성, 디지털 금융기술과 민간 혁신역량을 적극 연결해 대한민국이 글로벌 디지털경제의 중심에 설 수 있게 하겠다""고 말했다. 민 의원은 회견 후 기자들과 따"
https://www.yna.co.kr/view/AKR20250610080300007,"셀틱 양현준, 13일 '친정' 강원FC 홈 경기 방문…팬 사인회도","(서울=연합뉴스) 배진남 기자 = 스코틀랜드 프로축구 셀틱에서 뛰는 국가대표 양현준(23)이 친정팀 강원FC의 팬들과 만난다. 10일 강원 구단에 따르면 양현준은 오는 13일 오후 7시 30분 춘천송암스포츠타운 주경기장에서 열리는 하나은행 K리그1 2025 18라운드 강원-전북 현대의 경기에 방문한다. 지난해에 이어 다시 강원 홈 경기장을 찾는 양현준은 경기 전 팬 사인회를 하고, 하프타임에는 그라운드에서 팬들에게 인사를 건넨 뒤 친필 사인볼을 관중석에 전달할 예정이다. 커피차도 준비해 경기장을 찾는 팬들에게 감사한 마음을 전한다. 양현준은 2021년 강원에서 프로에 데뷔해 2022시즌부터 1군 무대에서 활약하며 이달의 영플레이어상을 네 번이나 받고, K리그1 영플레이어상까지 차지했다. 이런 활약을 발판 삼아 2023년 7월 셀틱으로 이적해 유럽 무대 진출을 이뤘다. 양현준은 10일 쿠웨이트와 2026 북중미 월드컵 아시아 3차 예선 최종전을 치르는 국가대표팀에도 합류해 있다. hosu1@yna.co.kr"
https://www.yna.co.kr/view/AKR20250610076200001,"김민석 ""국민에 충직한 참모장 되겠다…청문절차에 적극 임할것""","""1년 내 국가진로 결정돼…책임 추궁 아닌 냉철한 위기진단이 급선무"" (서울=연합뉴스) 임형섭 홍국기 기자 = 김민석 국무총리 후보자는 10일 ""새 정부는 국가대전환의 시기에 대처하지 못하고 내란으로 악화일로에 빠진 현재의 위기 상황을 정확히 드러내는 일부터 시작해야 한다""고 말했다. 김 후보자는 이날 서울 금융감독원 연수원에 마련된 사무실에서 기자간담회를 갖고 향후 6개월에서 1년 이내에 국가의 방향과 진로가 결정될 것이다. 책임 추궁이 아니라, 냉철한 위기진단이 급선무""라며 이같이 밝혔다. 김 후보자는 ""지금은 IMF보다 더한 제2의 IMF 위기이자 선진국 안착이냐 탈락이냐를 가를 국가적 대 위기""라고 진단했다. 그러면서 ""지난 대선 기간 '최소한 앞으로 2년 정도는 안정적 위기극복을 위한 힘을 새 정부와 대통령에게 주십시오'라고 호소한 이유도 그 때문""이라고 설명했다. 김 후보자는 ""물론 현재 정부의 장·차관 분들이 계시지만, 아직 새 정부에서 임명한 장·차관 없이 대통령의 리더십만 존재하는 상황""이라며 ""모든 공직자가 힘과 지혜를 모아야 한다""고 촉구했다. 이어 ""국무총리는 대통령의 국정 방향을 풀어가는 정부의 참모장, 국민에게 성실한 설명 의무를 다하는 대국민 참모장""이라며 ""인준 전이지만 국정 공백이 없도록 비상경제대책과 물가 대책 등에 대해 미리 준비할 것""이라고 했다. 그는 ""대통령께서 제시한 첫째 기준처럼, 국민에게 충직한 참모장이 되겠다. 청문절차에 적극적으로 임하고 한 점 의혹 없도록 하겠다""며 ""국민과 언론의 자유롭고 철저한 신상 검증에 최선을 다하겠다""고 밝혔다. 김 후보자는 ""모든 신상 질문에 대해 할 수 있는 모든 방법으로 답하고, 미처 못 챙긴 일신의 부족함이 있다면 지체 없이 양해를 구할 것""이라며 ""청문 과정이 진지한 정책검증이 되도록 성실히 학습하겠다""고 언급했다. 아울러 국회를 향해서는 ""내란 이후 인수위도 없이 맨바닥에서 맨손으로 시작한 정부"""
https://www.yna.co.kr/view/AKR20250610080200530,거리 노숙인 4명 중 3명은 수도권에…노숙인시설·쪽방촌 고령화,"복지부, 2024년 노숙인 실태조사 결과 발표…거리 노숙인 1천349명 노숙 계기는 '실직'이 36%…주요 수입원은 '공공부조' (서울=연합뉴스) 고미혜 기자 = 노숙인 규모가 꾸준히 줄어들고는 있으나 거리 노숙인의 수도권 편중과 시설 노숙인의 고령화 추세는 계속되고 있는 것으로 나타났다. 보건복지부가 10일 발표한 '2024년도 노숙인 등의 실태조사' 결과에 따르면 2024년 기준 전국 '거리 노숙인'은 1천349명으로, 직전 조사인 2021년의 1천595명보다 15.4% 감소했다. 자활·재활·요양시설 등에 머무는 '시설 노숙인' 6천659명과 '쪽방 주민' 4천717명까지 합친 전체 '노숙인 등' 숫자는 1만2천725명으로, 역시 2021년 대비 11.6% 줄었다. 남성이 전체의 77.6%였다. 노숙인 감소에 대해 복지부는 ""노숙 위기 상황을 예방하기 위한 정책의 체계화와 노숙인 복지 현장의 노력이 반영된 결과""라고 해석하며 ""배경과 맥락에 대한 추가적인 검토와 연구가 필요하다""고 덧붙였다. 거리 노숙인 중엔 75.7%가 서울, 경기, 인천에 거주하고 있었다. 3년 전 조사보다 비율이 1.2%포인트 늘어 수도권 집중이 심화했다. 거리 노숙인 4명 중 3명이 수도권 거리에 머무는 것으로, 서울에만 55%가 몰려있었다. 시설 노숙인의 경우 연령도 별도로 집계했는데 전체 노숙인 생활시설 입소자 중 65세 이상 노인의 비율이 36.8%로 2021년에 비해 4.1%포인트 늘었다. 생활시설 중에서도 노숙인 요양시설의 경우 65세 이상이 46.6%로 절반에 가까웠다. 쪽방촌 주민 중엔 40.8%가 65세 이상 노인이었다. 거리 노숙인 320명, 시설 노숙인 1천130명, 쪽방주민 250명을 대상으로 한 표본 조사에선 거리 노숙인의 35.8%가 결정적인 노숙 사유로 '실직'(35.8%)을 꼽았다. '이혼 및 가족해체'(12.6%), '사업 실패'(11.2%) 순으로 뒤를 이었는데, 특히 '이혼 및"
https://www.yna.co.kr/view/AKR20250610079600371,"동포청, 첫 홍보대사에 '큰별쌤' 최태성 역사 커뮤니케이터 위촉","최태성 ""우리 국민과 동포 사이의 벽 극복 위해 열심히 할 것"" (서울=연합뉴스) 강성철 기자 = 재외동포청(청장 이상덕)은 '큰별쌤'이라 불리는 한국사 강사 최태성 역사 커뮤니케이터를 홍보대사로 위촉했다고 10일 밝혔다. 위촉식은 이날 인천광역시 연수구에 있는 재외동포청사에서 열렸다. 재외동포청은 2023년 6월 5일 개청한 이래 처음으로 홍보대사를 선정했다. 동포청은 그가 EBS '최태성의 한국사'를 비롯한 다수의 한국사 강의에서 재외동포 이민사와 그들의 모국 기여 사례를 알기 쉽고 재미있게 시청자들에게 전달해 재외동포 인식 제고에 앞장섰기에 홍보대사로 위촉했다고 설명했다. 최태성 홍보대사는 위촉식에서 ""한글학교를 운영하시는 분들이 현지 재외동포였음을 알고 놀랐다""고 소개한 뒤 ""그때부터 재외동포의 모국을 향한 헌신과 희생에 대해 생각하게 됐다""고 말했다. 이어 ""우리는 재외동포들에게 일정 부분 빚을 지고 있는데, 아쉽게도 우리 국민과 재외동포 사이에는 벽이 있는 것 같다""며 ""홍보대사로 활동하는 1년 동안 이를 극복할 수 있도록 열심히 하겠다""는 소감을 밝혔다. 이상덕 청장은 ""최태성 역사 커뮤니케이터가 우리 청의 홍보대사로 열심히 활동을 해줘서 재외동포의 위상이 높아지기를 기대한다""고 말했다. 최 홍보대사는 앞으로 재외동포청의 홍보 활동과 행사에 참여해 재외동포의 역사에 대한 이해를 돕는 한편 재외동포 정책의 인지도 제고 및 공감 확산에도 적극적으로 나설 예정이다. 그는 EBS 강의 외에도 '역사저널 그날', '유별난 역사 한 끼', '신삼국지', '다시 갈 지도' 등 다수의 방송 프로그램에서 국민들의 사랑을 받아왔다. 최 홍보대사는 동포청이 시행 중인 '2025년 찾아가는 재외동포 이해교육'의 일환으로 지난 1월 24일 동포청 직원들을 대상으로 강의를 한 데 이어 앞으로 학생, 공무원을 비롯한 일반 국민들을 대상으로 교육도 실시할 예정이다. wakaru@yna.co.kr"
https://www.yna.co.kr/view/AKR20250610079900008,"자화전자 ""베트남 자회사에 408억원 출자""","(서울=연합뉴스) 코스피 상장사 자화전자[033240]는 베트남 전자부품제조 자회사(JH VINA)에 약 408억원을 출자한다고 10일 공시했다. 출자 후 지분율은 100%가 된다. 자화전자는 이번 조처의 목적을 ""운전자금 및 시설자금 확보""라고 밝혔다. ※ 이 기사는 연합인포맥스가 제공한 공시 데이터를 토대로 알고리즘에 의해 자동 작성돼 편집자의 데스킹을 거쳤습니다."
https://www.yna.co.kr/view/AKR20250610075400008,"'바이 코리아' 나선 외국인…코스피 3,000 돌파 견인차 되나","외인 이달에만 코스피·코스닥 4조원 순매수…""매수 여력 더 있다"" 반도체·유통·헬스케어 등 외국인 '수급 빈집' 업종 주목 (서울=연합뉴스) 곽윤아 이민영 기자 = 외국인 투자자가 이달 들어 국내 주식시장에서 4조원 가까운 순매수를 기록하면서, 증권가에서는 외국인 매수세가 추가로 이어지며 코스피 3,000 돌파의 견인차 역할을 할 것이란 기대가 나오고 있다. 특히 증권가에서는 반도체·유통 등 외국인 수급이 빈 업종을 중심으로 추가 매수세가 기대된다는 전망이 나온다. 10일 금융정보업체 연합인포맥스에 따르면 외국인은 유가증권시장(코스피)에서 이달 들어 전날까지 4거래일 모두 매수 우위를 보였고, 이 기간 누적 순매수 금액은 3조1천324억원에 달한다. 특히 이재명 정부 출범 첫날인 지난 4일 1조507억원 순매수하며 지수 급등세를 이끌었고 5일(9천800억원)과 전날(9천766억원)에도 1조원에 가까운 순매수세를 보인 점이 눈에 띈다. 이날 오전 11시 34분 기준 외국인의 순매수 금액은 3천471억원으로 전날에 비해 줄긴 했으나, 이런 분위기라면 5거래일 연속 매수 우위의 흐름을 이어갈 것으로 예상된다. 외국인은 코스닥시장에서도 이달 들어 4천억원 가까이 순매수해 양 시장을 합치면 순매수액이 4조원에 달한다. 외국인은 지난해 8월부터 올해 4월까지 9개월 연속 코스피 현물을 순매도했다. 이는 글로벌 금융위기가 발생한 2007년 6월부터 2008년 4월(11개월 연속) 이후 가장 길게 이어진 순매도세였다. 분위기는 지난달 외국인이 1조1천406억원어치의 코스피 현물을 순매수, 10개월 만에 월간 기준 매수 우위로 전환되며 차츰 바뀌기 시작했다. 이는 지난해 12·3 비상계엄 선포·해제 사태 이후 1,480원대를 넘나들었던 원/달러 환율이 점차 하향 안정화하기 시작해 최근에는 1,350원대까지 내려온 영향이 큰 것으로 보인다. 원/달러 환율이 하락하면(원화 가치 상승, 달러 가치 하락)"
https://www.yna.co.kr/view/AKR20250610078200009,"미국 양자컴 아이온큐, 옥스퍼드대 스타트업 인수","인수가 1조5천억원 (서울=연합뉴스) 차병섭 기자 = 미국 양자컴퓨팅 업체 아이온큐가 영국 옥스퍼드대에서 분사한 스타트업 옥스퍼드아이오닉스를 10억8천만 달러(약 1조5천억원)에 인수한다. 9일(현지시간) 블룸버그 통신·파이낸셜타임스(FT)에 따르면 아이온큐는 일대일 주식 맞교환 거래 10억7천만 달러(약 1조4천500억원)와 현금 지급 1천만 달러(약 140억원)에 옥스퍼드아이오닉스를 인수하기로 했다고 밝혔다. 블룸버그는 이번 인수에 대해 아직 실험적 수준인 것으로 평가되는 양자컴퓨팅과 관련해 상업적 자신감이 커지고 있음을 보여주는 것이라고 평가했다. 아이온큐 측은 이번 인수가 '양자컴퓨팅 업계의 엔비디아'가 되려는 목표 달성에 도움이 될 것으로 기대했다. 인수 계약은 연내 마무리될 전망이며, 규제 당국의 승인도 받아야 한다. 양자컴퓨터는 양자 상태에서 0과 1이 중첩되거나 얽히며 정보를 표현할 수 있는 단위인 '큐비트'(Qubit)를 사용, 기존 비트(0과 1로 정보를 표현하는 단위)의 한계를 뛰어넘는 성능을 갖는다. 이를 통해 현재의 슈퍼컴퓨터로는 해결하기 어려운 문제들을 풀 수 있을 것으로 전망되고 있다. IBM이 보유한 기존 최첨단 양자컴퓨터는 1천 큐비트 정도인데, 양사는 합병을 통해 내년에 256큐비트, 2027년 1만 큐비트 이상, 2030년 200만 큐비트를 갖춘 시스템을 구축하겠다는 목표다. 아이온큐는 2021년 기업인수목적회사(SPAC·스팩)와의 합병을 통해 상장한 뒤 양자컴퓨터가 주목을 받으면서 최근 12개월간 주가가 400% 가까이 상승했다. 시가총액은 99억2천620만 달러에 이른다. 올해 매출은 7천500만∼9천500만 달러 정도로 예상된다. 젠슨 황 엔비디아 최고경영자(CEO)가 지난 1월 유용한 양자컴퓨터가 나올 때까지 20년은 걸릴 수 있다고 평가한 뒤 주가가 하루 만에 39%나 급락하기도 했다. bscha@yna.co.kr"
https://www.yna.co.kr/view/AKR20250610065600004,"구글, 한국 이용자에 '개인정보 열람 페이지'…11년 소송 마무리","서울고법 임의조정안에 합의…경실련, 기자회견 열어 내용 공개 (서울=연합뉴스) 김준태 기자 = 한국의 인권 활동가들이 구글에 자신들의 개인정보를 미국 정보기관 등에 제공한 내역을 공개하라며 제기한 소송이 법원의 임의조정안에 양측이 합의하면서 11년 만에 마무리됐다. 합의에는 구글이 한국 이용자들에게 개인정보 열람 관련 내용을 한국어로 제공한다는 내용도 포함됐다. 경제정의실천시민연합(경실련)은 10일 서울 종로구 경실련 강당에서 기자회견을 열고 ""한국의 인권 활동가들이 구글에 자신의 개인정보를 정보기관 등 제3자에 제공한 내역의 열람을 요청한 소송이 마무리됐다""며 그 내용을 공개했다. 이 소송은 미국 중앙정보국(CIA) 용역업체 직원이었던 에드워드 스노든이 미 정보기관의 개인정보 대량 수집 의혹을 폭로한 사건을 계기로 2014년 한국의 인권 활동가들이 제기했다. 이들이 구글에 개인정보를 제3자에게 제공한 내역을 공개하라고 요구했다가 거절되자 소송을 낸 것이다. 2심은 구글과 구글코리아가 정보통신 서비스 제공자로서 비공개 사항을 제외한 개인정보 제공 현황을 공개할 의무가 있다고 판단하면서도 미국 법령이 비공개 의무를 부여한 사항에 대해선 구글이 열람과 제공을 거부할 수 있다고 판결했다. 그러나 대법원은 2023년 2심 판결 가운데 원고 일부 패소 부분을 깨고 사건을 서울고법에 돌려보냈다. 2심 판결 중 구글이 이용자 정보 제공 내역을 공개하라는 부분은 유지하면서 비공개가 정당하다고 판단한 부분은 다시 판단하라는 취지였다. 결국 지난 2일 서울고법의 임의조정 절차로 소송이 11년 만에 마무리됐다. 조정을 통해 합의가 성립하면 확정판결과 동일한 효력을 가진다. 경실련에 따르면 이번 합의로 구글은 미국 법령에 따른 비공개 의무를 위반하지 않는 범위에서 한국 이용자들을 위해 개인정보 열람 웹폼 페이지를 한국어로 제공하기로 했다. 또 한국 이용자들이 정부기관에 대한 개인정보 제공 내역 등에 대한 열람 청구"
https://www.yna.co.kr/view/AKR20250610078800073,"日방위성, 차관 1→2명 늘린다…""北미사일·재해 대응 강화""","방위성 ""中항공모함 2척, 태평양서 동시 활동 첫 확인"" (도쿄=연합뉴스) 박상현 특파원 = 일본 방위성이 차관에 해당하는 부대신을 기존 1명에서 2명으로 늘린다는 방침을 굳혔다고 요미우리신문이 10일 보도했다. 부대신은 차관급인 정무관과 함께 장관인 대신을 보좌하는 역할을 맡는다. 일본 정부에서 부대신이 2명인 부처로는 총무성과 외무성 등이 있다. 방위성은 북한의 탄도미사일 발사, 재해 발생 등 긴급사태 시 대처 능력을 강화하기 위해 부대신 증원을 추진하고 있다고 요미우리는 전했다. 방위상과 방위성 부대신은 현재 유사시에 대비해 교대로 도쿄도 내에 머무르고 있는데, 안보 환경이 엄중해지고 자위대에 대한 재해 대응 요구가 강해지면서 이들의 부담이 커졌다고 신문은 해설했다. 일본 정부는 이달 중에 공개할 '경제 재정 운영과 개혁의 기본방침'에 방위성 부대신 증원 계획을 넣고, 향후 국가행정조직법 개정안을 국회에 제출할 예정이다. 한편, 일본 방위성은 중국 항공모함 산둥함이 태평양에 있는 자국 남단 섬인 오키노토리시마 북쪽 해역에서 함재기 이착륙 훈련을 했다고 전날 발표했다. 이에 앞서 방위성은 또 다른 중국 항공모함 랴오닝함이 지난 8일 이오토(硫黃島·이오지마) 동쪽 해역을 항해했다고 밝힌 바 있다. 요미우리는 ""방위성에 따르면 중국 항공모함 2척이 동시에 태평양에서 활동한 것을 확인하기는 처음""이라고 전했다. psh59@yna.co.kr"
https://www.yna.co.kr/view/AKR20250610056451030,"무신사, 전 세계로 진출…""2030년 거래액 3조원 목표""(종합)","중국·유럽·중동으로 시장 확장…올해 하반기 중국에 첫 해외 매장 박준모 대표 ""K컬처가 주류된 지금이 최적기…K브랜드 전폭 지원"" 조만간 기업공개 주관사 선정…국내외 상장 모두 열어둬 (서울=연합뉴스) 전성훈 기자 = 무신사가 아시아를 중심으로 현지 시장 공략을 본격화해 5년 안에 글로벌 거래액 3조원을 달성하겠다는 목표를 제시했다. 올해 하반기 중국에 첫 해외 매장을 여는 등 오프라인 확장 전략에도 속도를 낸다. 박준모 무신사 대표는 10일 서울 동대문디자인플라자(DDP)에서 열린 '글로벌 파트너스 데이' 기자간담회에서 이러한 목표를 공개했다. 박 대표는 ""K팝, K드라마, K무비 등 K컬처가 전 세계에서 주목받고 있지만 K패션은 아직 해외 시장에서 눈에 띄는 성공 사례가 없다""며 ""무신사가 K패션 브랜드의 해외 진출을 위한 장을 만들고자 한다""고 말했다. 그는 ""K컬처가 메인스트림(주류)이 되고 과거와는 다른 시장 반응과 기회가 존재하는 지금이 해외 진출의 최적기""라며 ""카테고리, 판매 채널, 소비자층, 사업모델 영역을 지속해 확장해온 무신사가 이제 글로벌 영역에서 성장과 성공에 집중할 것""이라고 했다. 이어 ""현재 글로벌 시장 진출을 위해 현지 최고 파트너사와 협력을 추진하고 있다""며 ""K브랜드는 상품만 준비하고 나머지는 무신사가 모두 지원하는 방식으로 5년 내 글로벌 거래액 3조원 달성을 목표로 한다""고 강조했다. 무신사의 지난해 연간 거래액이 4조5천억원이라는 점을 고려하면 적지 않은 액수다. 무신사는 이러한 목표에 맞춰 올해 하반기부터 글로벌 시장 공략 속도를 높일 계획이다. 온라인(글로벌 스토어)에선 일본, 호주, 캐나다, 홍콩, 인도네시아, 말레이시아, 뉴질랜드, 필리핀, 싱가포르, 타이완, 태국, 미국, 베트남 등 13개 전략 국가를 넘어 중국 본토와 유럽, 중동 등으로 영역을 확장한다. 해외 오프라인 영토에도 K패션의 깃발을 꽂는다. 올해 하반기 중국 상하이 등"
https://www.yna.co.kr/view/AKR20250610050300063,"충남 사회적경제 혁신타운 개관…""창업부터 판로까지 지원""","(홍성=연합뉴스) 한종구 기자 = 충남 사회적경제 혁신타운이 10일 개관식을 열고 본격 운영에 들어갔다. 충남도는 이날 청양군 청양읍 송방리에서 전형식 정무부지사, 정광섭 도의회 부의장, 김돈곤 청양군수, 사회적경제 기업 관계자 등 300여명이 참석한 가운데 개관식을 개최했다고 밝혔다. 충남 사회적경제 혁신타운은 국비와 도·군비 등 총 287억원을 투입해 옛 청양여자정보고 부지에 지하 1층·지상 4층, 연면적 7천300㎡ 규모로 건립됐다. 창업 지원, 교육, 네트워크 형성, 컨설팅 등 기업 운영 전반을 포괄적으로 지원하는 거점 공간으로 운영될 예정이다. 시설 내부에는 시제품 제작실, 전시·판매장, 영상제작실, 회의실, 입주기업 사무공간, 카페 등이 조성돼 사회적경제 기업의 창업과 성장 모든 과정을 지원할 수 있도록 했다. 전형식 정무부지사는 ""혁신타운은 물리적 공간을 넘어 사회적경제의 가치를 한 단계 끌어올릴 핵심 인프라""라며 ""다양한 지원 사업을 발굴·추진해 사회적경제 기업이 지속 성장할 수 있게 하겠다""고 말했다. 사회적경제 혁신타운 개관식에 이어 열린 '사회적경제 기업 공공구매 박람회'에서는 도내 30개 사회적경제 기업이 150여개 제품과 서비스를 소개하고 기업 및 공공기관 구매 담당자들과 1:1 상담을 진행했다. 충남도 관계자는 ""지속 가능한 사회적경제 생태계를 구축하고, 판로 확보와 경쟁력 강화에 힘쓰겠다""고 밝혔다. jkhan@yna.co.kr"
https://www.yna.co.kr/view/AKR20250610058800017,새 정부 출범 직후 메가 K-OTT 신호탄…실제 합병 시점은 미지수,"공정위, 티빙-웨이브 합병 조건부 승인 업계 ""시장 급변 속 1년 반 합병 지연 아쉬워…주주 동의 관건"" (서울=연합뉴스) 이정현 기자 = 공정거래위원회가 10일 티빙-웨이브 간 기업결합 신고를 조건부 승인하면서 새 정부의 K-OTT(온라인동영상서비스) 정책 드라이브가 본격화했다. 양사 합병 시 월간 활성 사용자(MAU·지난 5월 기준)는 1천127만명에 이르러 넷플릭스(1천450만명)에 육박, 단일화된 토종 OTT로 K-콘텐츠 유통의 주도권을 되찾고 규모의 경제와 협상력도 확보할 수 있을 것으로 기대를 모은다. 그러나 급변하는 미디어 시장 속에서 이미 관련 절차가 1년 반가량 지연된 데다, 주주 동의 등 절차가 남아 있어 실질적인 합병과 그에 따른 효과를 낙관하기에는 이르다는 지적도 나온다. ◇ 사전 단계 통합 조치로 유통 주도권 확보 기대 공정위가 이날 티빙과 웨이브 간 임원 겸임을 승인한 것은 양사 간 이사 파견이 가능해졌다는 뜻으로, 경영권 구조에 변화를 주는 사전 단계의 통합 조치로 해석된다. 앞서 CJ ENM[035760]과 티빙은 웨이브의 이사 8인 중 대표이사를 포함한 5인, 감사 1인을 자신의 임직원으로 겸임하도록 하는 합의서를 지난해 11월 웨이브와 체결한 뒤 공정위에 기업결합을 신고했다. 업계에서는 이를 기반으로 콘텐츠 투자 확대, 서비스 혁신, 글로벌 경쟁력 확보 등 본격적인 합병 시너지가 가시화할 것으로 전망한다. 특히 새 정부 출범 직후 K-콘텐츠 육성과 토종 OTT 플랫폼 강화를 위한 첫 신호탄을 쏘아 올린 것으로, 실질적 합병도 탄력을 받을 것으로 기대된다. 이재명 대통령은 대선 후보 시절부터 ""OTT 같은 플랫폼도 나라가 나서고 지원해서 우리 것을 만들어야 한다""며 국내 OTT 플랫폼 육성을 통한 K-콘텐츠의 글로벌 경쟁력 제고를 강조하기도 했다. 현재 K-콘텐츠는 세계적으로 인정받고 있으나 유통 주도권과 수익은 넷플릭스 등 외국계 플랫폼이 독점하"
https://www.yna.co.kr/view/AKR20250610022900530,[게시판] 국립공원 사진 공모전…16일부터 접수,▲ 국립공원공단은 10일 제24회 국립공원 사진 공모전을 연다고 밝혔다. 공모전 공고문은 11일부터 홈페이지(knps.or.kr)에서 확인할 수 있으며 작품 접수는 16일부터 다음 달 31일까지 온라인(contest.knps.or.kr)으로 진행된다. 공단은 풍경사진을 대상으로 하는 '일반부문Ⅰ'과 풍경과 인물이 조화된 사진을 대상으로 하는 '일반부문Ⅱ'에서 총 67점의 작품을 선정해 시상할 계획이다. (서울=연합뉴스)
https://www.yna.co.kr/view/AKR20250610024700530,[게시판] 행안부 디지털 캐릭터 '다행이'·'부리부리' 저작권 등록,▲ 행정안전부는 10일 디지털 소통 캐릭터인 '다행이'와 '부리부리'에 대한 저작권 등록을 완료했다고 밝혔다. 두 캐릭터는 행안부 정책과 사업을 국민에게 친근하게 알리기 위해 2020년 만들어졌다. 현재 소셜미디어 채널과 홍보 콘텐츠에 활발히 사용되고 있다. 이번 저작권 등록으로 다행이와 부리부리는 법적 보호를 받을 수 있게 됐다. (서울=연합뉴스)
https://www.yna.co.kr/view/AKR20250610028100004,"""과학기술로 범죄 해결""…과학치안 아이디어 공모전","(서울=연합뉴스) 이동환 기자 = 경찰청과 과학기술정보통신부는 '제11회 과학치안 아이디어 공모전'을 공동 개최한다고 10일 밝혔다. 안전·민생 침해 범죄 등 치안 현장 문제를 과학기술로 해결하는 아이디어를 선발한다. 우수 아이디어는 실제 연구개발(R&D)과 연계해 치안 현장에 활용된다. 전국에 보급된 112 정밀탐색시스템, 차세대 외근조끼, 스마트폰 지문식별 시스템, 보이는 112 등이 그간 공모전을 통해 현실화했다. 6월 11일부터 7월 20일까지 과학치안진흥센터 누리집(https://kipot.or.kr)을 통해 접수할 수 있다. 시상식은 오는 10월 국제치안산업대전과 함께 이뤄진다. 총 13건의 우수작이 1차 사전심사(서면심사), 2차 본선심사(현장발표 및 평가)를 통해 선발된다. 대상 수상자에게는 국무총리상과 500만원의 상금을 준다. 최우수상은 과기부 장관상(2명·각 350만 원), 우수상은 경찰청장상, 한국과학기술원 원장상(각 2명·120만 원), 장려상은 경찰청장상, 경찰대학장상, 과학치안신흥센터 소장상(각 3명·50만 원)이 수여된다. 최주원 경찰청 미래치안정책국장은 ""제안된 아이디어들이 향후 치안현장 문제 해결에 이바지하는 성과로 이어지는 만큼 적극적 참여를 바란다""고 당부했다. dhlee@yna.co.kr"
https://www.yna.co.kr/view/AKR20250610036200030,"중소기업·소상공인 63% ""李대통령 공약 이행할 것"" 기대","최우선 과제 '자영업자 지원'…'내수활성화와 민생 안정' 중요 (서울=연합뉴스) 강애란 기자 = 중소기업과 소상공인들이 이재명 대통령이 중소기업 정책공약을 이행할 것으로 기대하면서 최우선 추진 과제로 자영업자 지원을 제시했다. 중소기업중앙회는 중소기업·소상공인 300곳을 대상으로 실시한 '제21대 대통령에게 바란다' 의견 조사에서 응답자의 63.0%가 대통령이 중소기업 정책공약을 이행할 것으로 기대했다고 10일 밝혔다. 이들은 정책공약 이행을 위해 가장 중요한 요소로 '중소기업계와 소통 강화'(45.3%), '국회·야당과 소통·협력 강화'(21.7%), 국정과제 입안 과정에 중소기업계 참여(18.0%), 정부 부처 간 칸막이 해소·협업 강화(14.7%) 등을 꼽았다. 중소기업 정책공약 중 중점적으로 추진돼야 할 사항(복수응답)으로는 '소상공인·자영업자 지원'(46.7%)이 최우선 과제에 올랐고, '공정·상생거래 환경 조성' 35.0%, 인공지능(AI)·디지털 전환 및 탄소중립 지원 22.7% , 연구·개발(R&D) 확대 및 기술보호 지원 22.0% 등이 뒤를 이었다. 성공적인 국정 운영을 위해 가장 중요한 과제로는 '내수 활성화와 민생 안정'과 '경제성장 견인능력', '노동 개혁과 일자리 창출', '저출생·고령화 등 인구 위기 극복' 등을 제시했다. aeran@yna.co.kr"
https://www.yna.co.kr/view/AKR20250610043500017,"[게시판] 중앙과학관, 충남대와 주니어 전자공학교실 신설","▲ 국립중앙과학관은 7월과 9월 매주 토요일 주니어 전자공학교실을 운영한다. 주니어 전자공학교실은 초등학교 5학년부터 중학교 2학년을 대상으로 실험과 체험, 스토리텔링 중심 수업으로 전자공학 기초 원리를 쉽고 재미있게 배울 수 있는 교육프로그램을 제공한다. 충남대학교와 협업해 교수·학생 동아리를 활용한 교육·멘토 진행을 통해 주제의 다양성과 전문성을 확보했다. 중학교 1~2학년이 대상인 7월 교육과정은 11일 오전 10시, 초등학교 5~6학년을 대상으로 한 9월 교육과정은 8월 13일 10시부터 선착순으로 모집한다. (서울=연합뉴스)"
https://www.yna.co.kr/view/AKR20250610049800017,국산 AI 반도체 지원에 올해 2천400억 투입…팹리스 대상 설명회,"(서울=연합뉴스) 조성미 기자 = 과학기술정보통신부가 최근 국내 반도체 설계기업(팹리스)들이 본격적으로 출시하고 있는 신경망처리장치(NPU) 기반 AI 반도체의 상용화를 앞당기기 위한 지원 사업 설명회를 연다고 10일 밝혔다. 정부는 AI 반도체 연구개발, 실증, 인재 양성 등에 올해 추가경정예산 494억원을 포함한 2천434억원을 투자한다. 11일 서울 강남구 한국과학기술회관에서 열리는 설명회에서는 이달 말까지 사업자를 모집하는 AI 컴퓨팅 실증 인프라 고도화 사업 등에 대한 사업자의 의견을 모을 예정이다. 아울러 팹리스 기업 관계자들과 정부 간담회를 통해 잇따른 AI 서버 및 엣지용 NPU 출시에 발맞춘 국산 AI 반도체 산업 생태계 활성화 방안을 논의한다. csm@yna.co.kr"
https://www.yna.co.kr/view/AKR20250610053400002,"공정위, 티빙-웨이브 결합 조건부 승인…""내년까지 요금제 유지""","""두 회사 결합하면 상위 4개 업체가 3개로 줄어 경쟁제한 우려"" (세종=연합뉴스) 이대희 기자 = 공정거래위원회가 국내 온라인 동영상 서비스(OTT·Over the Top)인 티빙과 웨이브의 결합을 승인했다. 다만 내년까지 현행 요금 수준을 유지해야 하는 조건을 달았다. 공정위는 두 회사의 기업결합을 심의한 결과 이같은 내용의 조건부 승인을 결정했다고 10일 밝혔다. 공정위는 내년 12월 31일까지 티빙·웨이브가 각사의 현행 요금제를 유지토록 했다. 서비스가 하나로 통합된다면 현행 요금제와 가격대·서비스가 유사한 신규 요금제를 출시해 역시 내년 12월 31일까지 유지해야 한다. 통합 서비스 출범 전 현행 요금제에 가입한 소비자는 그대로 서비스를 이용할 수 있도록 해야 한다. 소비자가 통합 서비스 출범일 이후 이러한 요금제를 해지했더라도 1개월 이내에 같은 요금제에 재가입을 요청한다면 허용해야 한다. 잠시 구독을 쉬기도 하는 OTT 소비자의 이용 방식을 고려한 조건이다. 공정위가 이런 조건을 부과한 것은 국내 사전 제작콘텐츠 중심 유료구독형 OTT 시장에서 두 회사의 결합으로 일부 실질적인 경쟁 제한 효과가 나타날 우려가 있다고 봤기 때문이다. 두 회사가 결합하면 OTT 시장 상위 4개 업체가 3개 업체로 줄어 새 회사의 가격 설정 능력이 커질 수 있다. 지난해 이용자 수 기준 OTT 시장 점유율은 넷플릭스(33.9%), 티빙(21.1%), 쿠팡플레이(20.1%), 웨이브(12.4%) 순이었다. 만일 티빙과 웨이브를 각각 이용할 수 있는 단독상품을 없애고 결합상품만 출시한다면 구독 요금이 실질적으로 인상되는 효과가 발생할 수도 있다. 공정위는 두 회사 서비스에서만 볼 수 있는 실시간 방송 채널이나 한국프로야구 중계 선호도가 높기 때문에 경쟁 서비스로 옮겨갈 가능성도 제한적이라고 봤다. 요금제 유지 기한은 한국프로야구 모바일 독점 중계권이 내년 말까지라는 점 등을 반영한 결"
https://www.yna.co.kr/view/AKR20250609140000004,"'김미영 팀장' 제안에 보이스피싱 가담…대법 ""미필적고의 인정""","2심 무죄판결 뒤집어…""현금 받아 ATM 송금, 이례적·불법 알 수 있어"" (서울=연합뉴스) 이미령 기자 = 인상착의를 듣고 파악한 피해자에게 거액의 현금을 건네받은 뒤 별다른 확인 없이 제삼자에게 현금자동입출금기(ATM)로 송금한 보이스피싱 현금 수거책에 대해 사기 등 범행의 미필적 고의가 인정된다고 대법원이 판단했다. 10일 법조계에 따르면 대법원 3부(주심 오석준 대법관)는 지난달 15일 사기, 사문서위조 등 혐의로 기소된 이모씨에게 무죄를 선고한 원심판결을 깨고 유죄 취지로 사건을 대전지법으로 돌려보냈다. 이씨는 2022년 3월 인터넷 구직사이트에 이력서를 등록했다가 보이스피싱 조직원인 이른바 '김미영 팀장'으로부터 업무 제안을 받았다. 이씨는 김미영 팀장의 메신저 연락에 따라 두 달간 피해자 8명을 만나 위조 문서를 건네고 약 1억7천만원을 건네받은 뒤 ATM 기기로 보이스피싱 조직에 송금한 혐의로 재판에 넘겨졌다. 1심은 이씨에게 유죄를 인정해 징역 1년에 집행유예 2년을 선고했다. 하지만 2심은 ""이씨가 보이스피싱 범죄에 가담한다는 점을 인식하지 못한 채 행위를 했을 가능성을 배제할 수 없다""며 무죄를 선고했다. 김미영 팀장에게서 금융결제 대금 등에 관련된 서류를 전달하는 업무를 제안받는 등 이씨가 정상적인 회사 일을 한다고 생각한 것으로 보인다는 등 이유에서였다. 그러나 대법원은 여러 증거에 비춰 이씨에 대해 ""보이스피싱 범행에 가담하는 것을 알았거나 미필적으로나마 인식했던 것으로 보인다""며 유죄 취지로 판단했다. 대법원은 이씨가 자신을 채용했다는 업체의 조직과 업무, 실체 등에 대해 제대로 확인하지도 않은 점, 피해자들에게 받은 현금 액수를 피해자들이 보는 앞에서 직접 확인하지 않고 업체와 무관한 제삼자에게 무통장 송금을 하는 식의 이례적 수금방식을 활용한 점 등을 근거로 들었다. 이력서를 게시한 사이트에 등록된 업체의 기업정보 항목에 '채권추심을 명목으로 현금 수거 및"
https://www.yna.co.kr/view/AKR20250610057100530,"교육부, '디지털경제·포용사회 분야' 융합대학 2곳 선정","(서울=연합뉴스) 서혜림 기자 = 교육부와 한국연구재단은 '인문사회 융합인재 양성 사업(HUSS)'에 참여할 신규 대학연합체 2개를 선정했다고 10일 밝혔다. 2023년부터 추진 중인 인문사회 융합인재 양성 사업은 대학 내 학과와 대학 간 경계를 허물어 공유 대학 체제를 만드는 사업이다. 3∼5개 대학이 분야별 연합체를 구성하고 주제를 정한 뒤 교육 과정을 공동으로 운영한다. 올해는 디지털 경제 분야(전남대 주관, 광운대·국립공주대·부산대·홍익대 참여), 포용사회 분야(인천대 주관, 국립부경대·대구대·상지대·서강대 참여)에서 2개 연합체가 선정됐다. 새로 선정된 연합체는 2025∼2027년 매년 약 30억원을 지원받아 융합교육 운영을 추진한다. 최은희 교육부 인재정책실장은 ""급격한 디지털 전환 시대에 인공지능이 대체할 수 없는 인문사회학적 통찰을 가진 인재 양성을 지원하겠다""고 밝혔다. sf@yna.co.kr"
https://www.yna.co.kr/view/AKR20250610059600530,'개인정보보호 중심 설계' 시범인증 대상에 로봇청소기 등 선정,"개인정보위, 개인정보 처리 적법성 등 평가해 PbD 인증 부여 (서울=연합뉴스) 이상서 기자 = 개인정보보호위원회는 홈 카메라와 로봇청소기 등 4개 제품을 '2025년 개인정보보호 중심 설계(PbD)' 시범인증 대상 제품으로 선정하고 검증을 추진한다고 10일 밝혔다. PbD는 제품이나 서비스의 기획, 제조, 폐기 등 전 과정에서 개인정보 보호 요소를 충분히 고려해 개인정보 침해를 예방하는 설계 개념을 뜻한다. 개인정보위는 가정용 폐쇄회로(CC)TV나 로봇청소기 등 개인정보 수집 기능이 있는 제품의 안전성을 확보하고, 제조사의 책임과 소비자의 선택권을 강화하고자 2023년부터 PbD 인증을 시범운영하고 있다. 현재까지 4개 제품이 인증받았다. 올해는 일상생활과 밀접한 홈 카메라와 스마트 가전뿐만 아니라 자율주행 등 첨단 기술 분야까지 인증 대상을 확대했다. 그 결과 홈 카메라, 차량용 영상기록장치, 가정용 로봇, 로봇청소기 4개 제품을 인증 대상으로 선정해 이달 중 본격적으로 안전성 검증에 착수하기로 했다. 개인정보위는 이들 제품을 대상으로 ▲ 개인정보 관련 기본사항 ▲ 개인정보 처리의 적법성 ▲ 정보보안 및 프라이버시 강화 ▲ 조직적 보호조치 등을 평가한다. 인증에 필요한 기준을 충족하지 못하거나 취약점이 발견되면 보완조치 이행을 요청하고, 모든 기준이 충족된 경우 인증을 부여한다. 최종 인증은 연말에 확정될 예정이다. shlamazel@yna.co.kr"
https://www.yna.co.kr/view/AKR20250610067700530,[게시판] 국제환경산업기술·그린에너지展 11∼13일 코엑스 개최,▲ 환경부와 한국환경보전원은 제46회 국제환경산업기술·그린에너지전(展)을 11∼13일 서울 강남구 코엑스에서 연다고 10일 밝혔다. 이 전시회는 국내 최대 환경 전시회로 중소기업이 보유한 우수 녹색기술을 소개하고 국내외 판로 확보를 지원하고자 열린다. 올해는 13개국 262개 기업이 참여할 예정이며 외국 바이어를 초청해 국내기업과 연결해주는 '글로벌 그린 허브 코리아' 행사도 함께 진행된다. (서울=연합뉴스)
https://www.yna.co.kr/view/AKR20250610068000002,"건설 부진에 美관세 수출 둔화까지…KDI ""경기 전반이 미약""","4월 건설기성 20.5%·5월 수출 1.3%↓…""가계·기업 심리지표는 개선"" (세종=연합뉴스) 박재현 기자 = 건설 부진에 미국 관세 조치 발(發) 수출 둔화가 겹치면서 한국 경제 전반이 정체하고 있다는 국책연구기관의 진단이 나왔다. 한국개발연구원(KDI)은 10일 발표한 '6월 경제 동향'에서 ""최근 우리 경제는 건설업이 부진한 가운데, 수출도 둔화하면서 경기 전반이 미약한 상태에 머물러 있다""고 평가했다. 지난달 경제 동향에서 '경기 둔화'라고 진단했을 때와 비슷한 수준의 경제 상황이 이어지고 있다는 의미라고 KDI는 설명했다. KDI는 ""건설투자 큰 폭 감소가 내수 회복을 제약하고 있으며, 대(對)미국 자동차 수출이 급감하는 등 관세 인상의 영향도 나타나고 있다""고 말했다. 4월 건설기성은 작년보다 20.5% 줄면서 12개월 연속 감소세를 이어갔다. 감소 폭 또한 전월(-16.3%)보다 확대됐다. 건축(-23.0%)은 주거용과 비주거용 모두 부진했고, 토목(-12.6%) 부문도 전기기계와 플랜트를 중심으로 대폭 감소했다. 다만 일부 선행지표는 개선되는 흐름을 보였다. 건설업 기업경기실사지수(BSI) 전망치는 5월 47에서 6월 51로 상승하며 회복 기대를 키웠다. 건설 수주와 건축 착공 면적 역시 회복세를 이어갔다. 수출은 미국 관세 인상의 부정적 영향이 본격화하면서 둔화 흐름이 지속됐다. 5월 수출은 작년보다 1.3% 줄었다. 일평균 수출도 1.0% 증가하는 데 그쳤다. 특히 미국(-8.1%), 중국(-8.4%), 중남미(-11.6%) 등 관세 부과 대상국을 중심으로 감소가 두드러졌다. 관세율이 대폭 인상된 자동차의 미국 수출은 32.0% 급감했다. 건설업 부진에도 불구하고 광공업 생산은 4월 기준 작년 대비 4.9% 증가해 양호한 흐름을 보였다. 반도체 생산 증가율은 21.8%에 달했다. 제조업 평균가동률은 73.8%로 높은 수준을 유지했고"
https://www.yna.co.kr/view/AKR20250610069400003,"코트라, 11∼13일 코엑스서 '글로벌 그린허브 코리아' 개최","(서울=연합뉴스) 김동규 기자 = 대한무역투자진흥공사(코트라)는 오는 11∼13일 서울 강남구 코엑스에서 '2025 글로벌 그린허브 코리아(GGHK)'를 개최한다고 10일 밝혔다. 올해 행사는 국내 대표 환경 전문 전시회인 '국제환경산업기술 & 그린에너지전(ENVEX)'과 연계해 열린다. 18회차를 맞이한 GGHK는 글로벌 그린 비전 포럼, 프로젝트 설명회, 1:1 수출·프로젝트 상담회, K-그리드 글로벌 교류회, 해외 발주처의 국내 환경·에너지 설비 시찰 등으로 구성된다. 34개국 90개 발주처·바이어가 방한해 탄소 저감 기술, 재생에너지, 폐기물 자원화 분야의 국내 기업과 협력 기회를 모색한다. 오는 11일 열리는 글로벌 그린 비전 포럼에서는 에콰도르 교통공공사업부 장관과 가나 환경보호청장이 기조연설을 하고 다자개발은행 전문가들이 글로벌 탄소 감축 활동을 소개한다. 프로젝트 설명회에서는 말레이시아, 콜롬비아, 탄자니아 등 5개국에서 환경·에너지 분야 정부 프로젝트 입찰 절차와 참여 방법을 설명한다. 오는 12일 상담회에는 200여개 국내·외 기업과 기관이 모여 환경·재생에너지 등 녹색산업 분야 해외 프로젝트에서 국내 기업의 참여를 타진한다. 동남아시아, 서남아시아, 아프리카, 중동, 중남미 지역의 65개 발주처와 바이어가 방한해 국내 기업들의 글로벌 사우스 시장 진출 기반을 마련한다. 이번 행사에서는 베트남 전력청(EVN), 요르단 에너지광물자원부(MEMR), 아제르바이잔 수자원청(ADSEA), 페루 공원관리청(SERPAR) 등이 한국 기업과 화석연료 전환, 그린수소, 태양광, 하수처리 프로젝트 참여 기회를 논의하고, 수소발전, 수처리 기자재 납품 관련 계약과 업무협약(MOU)을 체결할 예정이다. 강경성 코트라 사장은 ""환경과 재생에너지 분야에서 세계적 강점을 가진 우리 기업들이 적극적으로 해외시장을 공략할 수 있도록 지원하겠다""고 말했다. dkkim@yna.co.kr"
https://www.yna.co.kr/view/AKR20250610079700004,"[속보] 소방 ""조계종 국제회의장 화재 완진…대응 1단계 해제""",
https://www.yna.co.kr/view/AKR20250610069600530,'성폭력 피해지원' 해바라기센터 이용자 과반은 미성년,"해바라기센터 2024년 연감…남성 이용자 71%는 '13세 미만' (서울=연합뉴스) 이상서 기자 = 지난해 성폭력 피해 지원기관인 해바라기센터를 찾은 자들 가운데 과반은 미성년자인 것으로 나타났다. 10일 여성가족부 산하 한국여성인권진흥원이 펴낸 '해바라기센터 2024년 연감'에 따르면 지난해 성폭력, 가정폭력, 성매매, 스토킹, 교제폭력 등의 피해로 해바라기센터를 이용한 이들은 모두 2만3천21명이다. 해바라기센터는 성폭력·가정폭력·성매매 등 피해자를 위해 365일 24시간 상담, 의료, 수사, 심리 지원을 통합 제공하는 기관이다. 현재 전국 40곳에서 운영되고 있다. 지난해 이용자 가운데 19세 미만의 미성년자는 1만1천690명으로 전체의 50.8%를 차지했다. 성별 비중을 보면 여성이 81.3%, 남성은 17.3%였다. 여성은 19∼59세가 36.8%로 가장 많았고, 남성은 13세 미만이 71.0%로 가장 많았다. 피해 유형을 보면 성폭력이 71.0%로 가장 큰 비중을 차지했다. 이어 가정폭력(17.3%), 성매매(0.7%), 교제폭력(0.7%), 스토킹(0.5%)의 순이었다. 성폭력 피해의 경우 강간 피해(42.8%), 강제추행(34.8%), 디지털성폭력(8.7%), 유사강간(7.0%) 순으로 집계됐다. 성폭력 피해자와 가해자의 관계는 '직장·학교 등 사회적 관계'가 26.4%, '채팅 상대 등 일시적 관계'가 22.1%였다. 작년 해바라기센터가 이용자에게 제공한 상담, 수사·법률, 의료, 심리, 동행, 사회적 지원 등 서비스 건수는 총 39만3천398건이다. 이 가운데 32.0%는 '상담 지원'이었다. 이어 의료 지원(23.9%), 수사법률 지원(15.4%) 순이었다. shlamazel@yna.co.kr"
https://www.yna.co.kr/view/AKR20250610073300530,"소방청·베스티안재단, 재난현장 헌신한 SAVE 영웅 7인 선정","(서울=연합뉴스) 양정우 기자 = 소방청과 베스티안재단은 11일 충북 오송 베스티안 병원에서 '제8회 S.A.V.E 영웅 시상식'을 개최한다고 10일 밝혔다. S.A.V.E는 영어 'Super-heroes Attract Valuable Energies'의 줄임말로 '슈퍼히어로들이 가치 있는 에너지를 끌어모은다'라는 뜻을 담고 있다. 소방청과 베스티안 재단은 2017년 업무 협약을 맺고 매년 재난 현장에서 헌신한 영웅을 선정해 명예를 드높여왔다. 또 기금을 모금(크라우드 펀딩)해 화상 환자 치료를 지원해왔다. 올해 시상식에서는 화재, 구조, 구급 등 다양한 재난 현장에서 국민의 생명과 안전을 지킨 소방공무원 7명을 'S.A.V.E. 영웅'으로 선정해 상장과 가족힐링 지원금(각 100만원)을 전달한다. 화상 환자 치료비 지원사업과 소방공무원 사기진작을 위해 홍보 영상과 화보(달력) 제작을 통해 조성된 기금의 일부는 화상 환자 자조모임인 해바라기회에 전달할 예정이다. 소방청 백승두 대변인은 ""소방공무원들이 사명감을 잃지 않고 현장에서 최선을 다할 수 있도록 힘을 보태준 베스티안재단에 감사하다""며 ""화상 환자분들의 심리적 회복을 위한 지원을 이어 가겠다""고 말했다. eddie@yna.co.kr"
https://www.yna.co.kr/view/AKR20250610074600002,"'가짜 이혼'으로 재산 숨겨…국세청, 악질 체납자 710명 추적","배낭 속 수백돈 금괴, 쓰레기로 위장한 수표다발…작년 재산추적 2.8조 징수 (세종=연합뉴스) 송정은 기자 = '가짜 이혼'으로 재산을 분할해 숨기거나 회사 배당을 부풀리는 등 수법으로 세금을 안 내고 피해 온 체납자들이 무더기로 과세당국에 덜미가 잡혔다. 국세청은 고액 상습 체납자 710명을 재산 추적 조사 대상자로 선정했다고 10일 밝혔다. 이들의 체납 규모는 모두 1조원을 넘는다. 1인 최대 체납액은 수백억원에 달한다. 갖은 수법으로 강제 징수를 회피한 체납자 224명, 차명계좌·명의신탁 부동산·은행 대여금고를 동원해 재산을 숨긴 124명, 호화사치 생활한 체납자 362명 등이다. A씨는 서울의 한 아파트를 양도 후 취득 금액을 허위로 신고한 사실이 확인돼 양도소득세 수억원을 고지 받았지만 내지 않았다. A씨는 양도소득세 고지서를 받은 직후 '협의 이혼'했고 또 다른 아파트를 재산 분할해 배우자에게 증여했다. 그들은 이혼 후에도 동일하게 부부간에 금융거래를 하고 배우자 주소지에서 동거하는 것으로 밝혀져 세금회피 목적으로 위장 이혼, 강제 징수를 회피한 혐의를 받는다. 일부 체납자는 특수관계에 있는 종교단체 등에 재산을 기부하거나 가족·친인척에게 상장주식을 증여해 강제징수를 회피했다. 법인세 신고 단계부터 공모해 편법 배당을 통해 수백억원대 체납 세금을 회피한 사례도 있다. 부동산개발업 목적으로 설립된 특수목적법인(PFV) B 법인은 세무조사 결과 부과된 법인세 수백억원을 미납했다. 잔여재산은 모두 주주에게 배당한 후 청산했다. 과세당국 확인 결과 B 법인이 청산 전 고액의 법인세를 신고·납부해야 한다는 사실을 알고도 고의로 법인세를 적게 신고했고, 배당가능이익을 최대로 부풀려 잔여 재산 대부분을 주주에게 배당한 후 청산한 사실이 드러났다. 국세청은 강제 징수 회피목적으로 빼돌린 재산을 반환받기 위한 사해행위취소 소송을 제기하고 체납처분 면탈 행위가 확인되는 경우 체납"
https://www.yna.co.kr/view/AKR20250610079800011,[알림] 연합뉴스 콘텐츠 저작권 고지,"연합뉴스가 제공하는 기사, 사진, 그래픽, 영상 등 모든 콘텐츠는 관련 법의 보호를 받습니다. 연합뉴스 콘텐츠를 사전허가 없이 전재·방송하거나 무단으로 복사·배포·판매·전시·개작·AI 학습 및 활용할 경우 민·형사상 책임이 따를 수 있습니다. 콘텐츠 사용과 관련해 궁금한 점이 있으면 전화(☎:02-398-3804) 또는 이메일(hello@yna.co.kr)로 문의하기 바랍니다."
https://www.yna.co.kr/view/AKR20250610064600002,건설경기 불황에…1분기 부동산업 대출 12년 만에 첫 감소,"지방 중심 상업용 부동산 부진에 PF 구조조정 겹쳐 2.5조원↓ 전산업 대출은 17.3조원 늘어…""기업 운전자금 수요↑"" (서울=연합뉴스) 민선희 기자 = 지방을 중심으로 한 상업용 부동산 부진에 부동산 프로젝트파이낸싱(PF) 구조조정까지 진행되면서 올해 1분기 부동산업 대출이 12년 만에 처음으로 감소했다. 한국은행이 10일 발표한 '2025년 1분기 예금취급기관 산업별 대출금' 통계에 따르면 3월 말 기준 부동산업 대출금은 470조9천780억원으로 전 분기 말보다 약 2조5천억원 줄었다. 부동산업 대출이 감소한 것은 지난 2013년 1분기(-2천억원) 이후 처음이고, 감소폭은 지난 2011년 2분기(-3조원) 이후 가장 컸다. 지방 상업용 부동산 등이 계속 부진했고, 부동산 PF 구조조정에 따른 부실채권 매·상각이 늘었다는 게 한은의 설명이다. 1분기 말 건설업 대출액 역시 104조289억원으로, 전 분기 말보다 약 3천억원 줄었다. 건설 기성액 감소세가 이어진 탓에 세 분기 연속 줄었으나, 전 분기(-1조2천억원)보다 감소 폭은 축소됐다. 제조업 대출 잔액은 지난해 말 483조4천억원에서 올해 1분기 말 491조4천억원으로 8조원 늘었다. 지난해 4분기 중 1조6천억원 줄었다가 한 분기 만에 증가로 전환했다. 업종별로 보면 화학·의료용 제품(+1조7천억원)을 비롯해, 기타 기계·장비(+5천억원), 전자·컴퓨터·영상음향·통신(+3천억원) 등이 증가세로 전환했다. 서비스업 대출 잔액은 같은 기간 1천253조7천억원에서 1천261조5천억원으로 7조8천억원 늘었다. 역시 전 분기(+3조9천억원)보다 증가 폭이 확대됐다. 서비스업 중에서는 비수기라는 계절적 요인과 업황 부진 등 영향으로 도소매업(+3조9천억원), 숙박·음식점업(+1조4천억원)의 증가 폭이 컸다. 제조업, 건설업, 서비스업을 모두 합한 전산업 대출금은 1천979조5천억원으로 전 분기 말보다 17조3천억원 증"
https://www.yna.co.kr/view/AKR20250610079000061,"용인 일가족 5명 살해범 ""비극적 이야기, 재판 비공개 요청""","공소사실 모두 인정…첫 재판 10분 만에 종료 (수원=연합뉴스) 이영주 기자 = 부모와 처자식 등 일가족 5명을 살해한 50대가 자신의 형사재판을 비공개로 진행해달라고 재판에 요청했다. 10일 수원지법 형사13부(장석준 부장판사) 심리로 열린 이모 씨의 존속살해 및 살인, 향정 등 혐의 사건 첫 재판에서 이씨는 ""가족들에 관한 비극적인 이야기""라며 ""지난번에도 요청했는데, 비공개 재판으로 해주길 요청한다""고 진술했다. 그는 재판 절차가 종료될 무렵 손에 쥐고 있던 마이크로 ""말씀드릴 게 있다""며 이같이 발언했다. 이에 대해 재판장은 ""검토해보겠다""며 ""차후 기일에 최후진술을 준비해달라""고 했다. 이날 이씨의 첫 재판에선 피고인 인정신문, 검사 및 피고인의 모두진술, 증거조사 등 절차가 진행됐다. 피고인 측이 공소사실을 모두 인정하고, 검사가 제출한 증거에 모두 동의하면서 재판은 특별한 쟁점 없이 10분 만에 끝났다. 이씨는 검사가 공소사실을 읽어 내려가는 동안 두 눈을 감고 고개를 숙인 채 있었다. 깊은 한숨을 한두 번 내쉬기도 했다. 재판부는 피고인 양형 조사를 위해 재판을 한 기일 더 속행한 뒤 결심하기로 했다. 이씨의 다음 기일은 내달 22일 오전 11시 20분이다. 이씨는 4월 14일 밤 용인시 수지구 아파트 자택에서 80대 부모와 50대 아내, 10∼20대 두 딸 등 자기 가족 5명에게 수면제를 먹여 잠들게 한 뒤 이들을 차례로 목 졸라 살해한 혐의를 받는다. 그는 범행 후 ""모두를 죽이고 나도 죽겠다""는 취지의 내용이 담긴 메모를 남기고 이튿날인 15일 새벽 승용차를 이용해 사업차 머무는 거주지인 광주광역시 소재 오피스텔로 달아났다가 같은 날 오전 경찰에 검거됐다. young86@yna.co.kr"
https://www.yna.co.kr/view/AKR20250609139451002,與 비은행 원화 스테이블코인 방침에…발등 불 떨어진 한은(종합),"'당청' 한목소리에 초비상…내달 코인 콘퍼런스 개최 모레 李총재 창립 기념사도 주목…우려 반복할 듯 (서울=연합뉴스) 한지훈 기자 = 여당인 더불어민주당이 비은행권의 원화 기반 스테이블코인 허용 방침을 공식화하자 중앙은행인 한국은행 발등에 불이 떨어진 분위기다. 10일 금융권에 따르면, 한은은 조만간 스테이블코인이 우리 경제에 미치는 영향과 대응 방안을 주제로 콘퍼런스를 개최한다. 다음 달 1일로 행사를 준비해왔으나, 민주당의 '디지털자산기본법 제정안'이 공개되자 내용 보강을 위해 부랴부랴 일정을 미룬 것으로 전해졌다. 애초 한은은 전·현직 금융통화위원 사회로 대학 교수들의 발표, 각계 전문가들의 토론을 진행할 계획이었다. 이 자리에서는 원화 스테이블코인 발행을 무분별하게 허용했다가 투매(코인런)가 발생할 경우 원화 경쟁력이 붕괴할 수 있다는 점을 부각할 예정이었다. 한은의 일정 조정은 여당의 관련 입법 방향이 이날 윤곽을 드러낸 상황과 무관치 않아 보인다. 국회 정무위원회 소속 더불어민주당 민병덕 의원은 이날 오전 디지털자산기본법 제정안을 대표 발의했다. 민 의원은 ""미국 등이 디지털자산을 전략 산업으로 육성 중""이라며 ""우리나라는 주도권 경쟁에서 밀려 디지털자산 시장에서 후진국으로 전락할 위기""라고 입법 취지를 설명했다. 이어 ""디지털자산시장은 속도가 중요하다""며 ""글로벌 G2(주요 2개국)를 목표로 최선을 다하겠다""고 '속도전'을 예고했다. 민 의원은 이번 법안에서 대통령 직속 디지털자산위원회를 설치하고, 관련 산업 진흥을 위한 기본 계획과 연도별 시행 계획을 추진하도록 규정했다. 특히 5억원 이상의 자기자본을 가진 국내 법인이면 원화 스테이블코인을 발행할 수 있도록 규정, 투자자 보호 장치를 전제로 핀테크 등 비은행에도 문호를 개방하기로 했다. 앞서 김용범 대통령실 정책실장도 국내 최대 블록체인 전문 투자사 해시드의 싱크탱크인 해시드오픈리서치 대표 시절 비"
https://www.yna.co.kr/view/AKR20250610079200004,'두드려라 모여라 포용하라'…14일 성동구 두모포 뮤지컬 축제,"(서울=연합뉴스) 정준영 기자 = 서울 성동구(구청장 정원오)는 오는 14일 옥수나들목 한강공원 일대에서 '2025 두모포 뮤지컬 페스티벌'을 개최한다고 10일 밝혔다. 이는 '두드려라, 모여라, 포용하라'를 부제로, 조선시대 포구였던 두모포(현재 옥수동)를 무대로 한 문화·예술 복합축제다. 1419년 세종 원년에 태종과 세종이 이종무 등 8명의 장군에게 술을 따르고, 군사들에게 활과 화살을 내리며 왜구의 본거지인 대마도 정벌을 명했던 '두모포 출정식'의 역사적 의미를 재현한다. '출정 퍼포먼스'로 서막을 열고, 최정원, 카이, 금보미 등 정상급 뮤지컬 배우들이 출연한 뮤지컬 갈라쇼가 펼쳐진다. 다양한 체험 부스와 지역 공방·소상공인 45팀이 참여하는 아트마켓, 푸드트럭도 운영한다. 친환경 텀블러를 지참한 축제 참가자에게는 아리수로 만든 커피나 음료를 무료로 제공한다. prince@yna.co.kr"
https://www.yna.co.kr/view/AKR20250610079400005,"[속보] 조계종 ""불교박물관 불화 등 8점, 고궁박물관으로 이송 예정""",
https://www.yna.co.kr/view/AKR20250610077500004,"'김만배와 돈거래' 전직 언론인들, 첫 재판서 모두 혐의 부인","김씨도 공소사실 전면 부인…""청탁 대가 아닌 대여"" (서울=연합뉴스) 한주홍 기자 = 대장동 개발 사업과 관련해 불리한 기사 대신 유리한 방향의 기사를 써주는 대가로 화천대유자산관리 대주주이자 기자 출신인 김만배 씨로부터 금품을 받은 혐의를 받는 전직 언론인들이 첫 재판에서 혐의를 전면 부인했다. 김씨 또한 이들에게 금품을 제공한 혐의와 관련해 검찰이 기소한 공소사실을 인정하지 않았다. 서울중앙지법 형사합의35부(백대현 부장판사)는 10일 배임수재·청탁금지법 위반 혐의로 재판에 넘겨진 전 중앙일보 간부 조모씨, 전 한겨레 간부 석모씨와 배임증재 혐의로 기소된 김씨의 첫 공판을 열었다. 석씨는 2019년 5월~2020년 8월 청탁과 함께 아파트 분양대금 총 8억9천만원을 수수한 혐의를, 조씨는 2019년 4월~2021년 8월 김씨로부터 청탁을 받고 총 2억100만원을 수수한 혐의를 받는다. 이와 관련해 석씨 변호인은 ""공소사실을 모두 부인하는 입장""이라며 ""2020년 8월에는 대장동 논란이 없었고, 대장동과 관련한 어떤 위험도 현실화하지 않은 때였는데 우호적인 기사를 쓸 것이라는 막연한 기대로 8억9천만원을 줬다는 건 매우 이례적""이라고 주장했다. 조씨 변호인 역시 ""묵시적 청탁이 인정되기 위해서는 당사자들 사이에 금품이 청탁 대가라는 상호 공통의 인식이 있어야 한다""며 ""일방적인 막연한 기대로는 묵시적 청탁이 성립할 수 없다""고 기소 혐의사실을 부인했다. 김씨 측 변호인도 공소사실을 모두 부인하며 두 사람에게 금품을 제공한 게 청탁의 대가가 아닌 대여였다고 주장했다. 재판부는 다음 달 15일 대장동 민간업자로 사업 실무를 진행한 남욱 변호사를 불러 증인신문을 하기로 했다. juhong@yna.co.kr"
https://www.yna.co.kr/view/AKR20250610077900009,워싱턴에 철조망 치고 드론 수색…트럼프 군사행진에 보안 비상,"14일 트럼프 생일이자 美육군 250주년 열병식 행사…국가특별보안행사 지정 20만명 운집 예상…수십㎞ 철조망 세우고 공중 드론·금속탐지기 투입 (서울=연합뉴스) 신유리 기자 = 9일(현지시간) 현재 미국 수도 워싱턴DC에서는 곳곳을 둘러싼 철조망이 등장하고 주요 도로는 줄줄이 이어 붙인 철판 깔개로 뒤덮이기 시작했다. 오는 14일 도널드 트럼프 대통령의 생일을 겸해 열리는 대규모 군사 행진이 닷새 앞으로 다가왔기 때문이다. 미국 비밀경호국(SS) 워싱턴DC 실무진은 이날 기자회견을 열어 행사 준비 상황을 이같이 공개했다고 AP, 로이터 통신 등이 전했다. 당국자들에 따르면 토요일인 14일 열리는 트럼프 대통령의 생일 행사이자 미 육군 창립 250주년 열병식에는 대략 20만명의 군중이 몰려들 것으로 예상된다. 이번 행사는 국토안보부가 지정한 국가특별보안행사(NSSE)로 치러지는데, 앞서 대통령 취임식 등도 이런 지정을 받았다. 이에 따라 보안을 강화하기 위해 주요 건물을 둘러싸고 총 29㎞에 달하는 철조망이 세워져 침입을 차단하며, 총 17㎞ 구간에 콘크리트 장벽이 세워진다. 또 머리 위로는 드론 여러 대를 띄워 무기 소지자를 수색하며, 금속 탐지기 175개를 투입해 길목마다 보안 검문을 실시한다. 현장에 동원되는 인력은 연방수사국(FBI), 경찰관, 육군 등 수천 명에 달할 예정이다. 교통 통제도 불가피할 것으로 보인다. 경찰 당국자는 ""가급적 승용차를 집에 두고 대중교통을 이용해달라""면서 ""반려동물은 동반하지 않기를 바란다""고 권고했다. 이날 대규모 군사 퍼레이드에 미군의 주력 전차인 에이브럼스 탱크 28대가 참여하는 데 대비해 워싱턴DC 도로 곳곳에는 파손을 막기 위한 철제 깔개가 설치되고 있다. 에이브럼스 탱크 한 대의 무게는 약 70t(톤)으로 워싱턴DC 도로가 견딜 수 있는 최대 중량(약 36t)의 거의 두 배다. 이 밖에 스트라이커 장갑차 28대,"
https://www.yna.co.kr/view/AKR20250610078500003,"한국타이어, 독일 아우토빌트 전기차 전용 타이어 테스트서 1위","(서울=연합뉴스) 임성호 기자 = 한국타이어앤테크놀로지(한국타이어)[161390]는 프리미엄 전기차 전용 올웨더(전천후) 타이어 '아이온 플렉스클라이밋'이 독일 유력 자동차 전문지 아우토빌트가 실시한 '전기차 전용 사계절용 타이어 테스트'에서 1위를 차지했다고 10일 밝혔다. 이번 테스트는 한국타이어를 포함한 글로벌 3개 브랜드 245/45 R19 규격 전기차 전용 사계절 타이어를 대상으로 진행됐다. 현대차 아이오닉6 차량에 장착해 젖은 노면, 마른 노면, 눈길, 빙판길 등 다양한 주행 환경에서 테스트했다. 제동력, 소음, 승차감, 전비 효율 등 총 10개 항목에서 타이어 성능과 주행 안정성 등을 살폈다. 그 결과 아이온 플렉스클라이밋은 모든 항목에서 매우 좋음' 등급을 획득했다. 특히 수막현상, 핸들링, 제동력, 회전저항 등 6개 항목에서는 압도적인 우위를 점했다고 한국타이어는 전했다. 아우토빌트는 총평에서 이제품에 대해 ""어떤 날씨에서도 역동적이고 균형 잡힌 성능으로 최고의 드라이빙을 지원하는 타이어""라고 평가했다. sh@yna.co.kr"
https://www.yna.co.kr/view/AKR20250610020751065,"롯데백화점 인천점 화재로 임시 휴점…""안전 점검 차원""(종합)","1층 배전실서 발화…화재 진압 중 소방관 1명 부상 (인천=연합뉴스) 김상연 기자 = 새벽 시간대 롯데백화점 인천점에서 발생한 화재로 백화점 측이 임시 휴점에 들어갔다. 10일 인천소방본부에 따르면 이날 오전 2시 28분께 인천시 미추홀구 관교동 롯데백화점 1층 배전실에서 불이 났다. 이 불로 배전실 안쪽 10㎡와 설비 등이 타 6천200만원 상당(소방서 추산)의 재산 피해가 났다. 또 화재 진압 과정에서 40대 소방대원이 허리 부위를 다쳐 119 구급대에 의해 병원으로 옮겨져 치료받았다. 소방 당국은 소방관 90명과 펌프차 등 장비 35대를 투입해 52분 만에 완전히 불을 껐다. 소방 당국자는 ""백화점 관계자로부터 신고를 받고 출동했다""며 ""구체적인 화재 원인을 조사할 예정""이라고 말했다. 백화점 측은 이날 하루 동안 임시 휴점을 하고 전체적인 안전 점검을 추진할 방침이다. 백화점 관계자는 ""영업에 큰 지장이 있는 것은 아니지만, 고객 안전이 최우선이라고 판단해 점검 차원에서 휴점을 결정했다""고 말했다. goodluck@yna.co.kr"
https://www.yna.co.kr/view/AKR20250610076700504,"통일부 ""평화 분위기 조성·국민 안전 고려해 전단 중지 요청""","(서울=연합뉴스) 하채림 기자 = 통일부는 10일 ""한반도의 평화로운 분위기 조성과 국민의 생명·안전을 최우선적으로 고려해 대북 전단 살포 중지를 요청했다""고 밝혔다. 통일부 당국자는 이날 정부서울청사에서 취재진과 만난 자리에서 대북 전단에 관한 입장이 달라진 배경을 묻자 이같이 답했다. 통일부는 전날 대북 전단을 살포해 온 단체에 유감을 표명하고 살포 중지를 강력 요청했다. 통일부는 2023년 9월 헌법재판소가 대북전단 금지법에 대해 위헌 결정을 내리자 이를 근거로 전단 살포를 막지 않아 왔는데 새 정부 취임과 맞물려 입장이 바뀐 것이다. 이재명 대통령은 후보 시절 남북 간 우발적 충돌방지와 상황 관리를 위해 2년 넘게 끊긴 남북 연락채널을 복원하고 대북전단 살포와 대북 확성기 방송도 중단하겠다는 구상을 내놓은 바 있다. 통일부 당국자는 ""현재 (대북 전단 살포 단체의) '재난 및 안전관리기본법'(재난안전법)과 '항공안전법' 위반 혐의와 관련해 경찰에서 수사가 진행 중이며 그 결과를 주시하고 있다""고 말했다. 재난안전법 위반 혐의는 자치단체장이 위험지역으로 선포한 곳에 허락 없이 출입했다는 것이며, 항공안전법의 경우 무게 2㎏이 넘는 무인자유기구를 무단으로 날려 규정을 위반했다는 혐의다. tree@yna.co.kr"
https://www.yna.co.kr/view/AKR20250610077300055,"길 걷던 80대, 차량에 치여 숨져…경찰, 50대 운전자 조사",(진안=연합뉴스) 나보배 기자 = 전북 진안경찰서는 보행자를 들이받아 숨지게 한 혐의(교통사고처리 특례법상 치사)로 A(50대)씨를 조사 중이라고 10일 밝혔다. A씨는 전날 오후 8시 40분께 진안군 정천면의 한 도로에서 차량을 몰던 중 보행자(80대)를 치어 숨지게 한 혐의를 받고 있다. 경찰은 A씨가 앞을 제대로 보지 못해 사고를 낸 것으로 보고 경위를 조사하고 있다. warm@yna.co.kr
https://www.yna.co.kr/view/AKR20250610073500001,"김용태 ""개혁안, 과거 잘못 반성·국민신뢰 위한 최소한의 조치""","""의원들, 개혁안 배후 누군지 물어…정치적 의도만 따지면 당 미래 없어"" (서울=연합뉴스) 이유미 기자 = 국민의힘 김용태 비상대책위원장은 10일 자신이 앞서 제안한 당 개혁안에 대해 ""우리 당이 과거 잘못한 것을 반성하고 앞으로 국민들에게 신뢰받기 위한 최소한의 조치""라고 말했다. 김 위원장은 이날 서울 용산구 민주화운동기념관에서 열린 6·10 항쟁 기념식에 참석한 뒤 기자들과 만나 이같이 밝힌 뒤 ""(개혁안을) 제 개인 정치를 위한 것으로 치부하거나, 제 임기를 늘리기 위한 것으로 치부한다면 당이 앞으로 나아갈 수 없다""고 강조했다. 김 위원장은 지난 8일 탄핵 반대 당론 무효화, 김문수 대선 후보 교체 시도에 대한 당무감사, 광역·기초단체장 후보 상향식 공천 등을 골자로 한 개혁안을 발표했다. 그러나 이를 두고 전날 의원총회에서 옛 주류를 중심으로 '자기 정치를 위한 개혁안'이라는 비판이 나왔다. 김 위원장은 ""자꾸 제 개혁안에 대해 절차가 어떻고, (비대위원장) 임기가 어떻고 말하는 건 개혁안을 받아들일 의지가 없다고 해석된다""고 지적했다. 윤석열 전 대통령에 대한 탄핵 반대 당론 무효화에 대해선 ""헌법재판소에서 인용 결정이 나왔다면 과거 반대 당론을 무효화하는 게 자유 민주주의와 헌법 정신에 맞는 정당""이라며 ""당내 통합을 위한 최소한의 조치""라고 밝혔다. 김 위원장은 ""개혁안을 말씀드렸는데, 우리 당의 많은 의원이 저에게 '배후가 누구냐', '한동훈하고 상의했나. 김문수의 의중이냐'고 묻는다. 심지어 어떤 의원은 '개혁신당 이준석 전 대선 후보의 지령을 받는 것 아니냐'는 말도 안 되는 말을 하고 있다""며 ""국민들에게 정말 면목이 없다""라고도 했다. 이어 ""대선에서 참패했다면 앞으로 어떻게 반성하고 개혁할지에 대해 총의를 모아야지, 개혁안을 갖고 어떤 정치적 의도가 있는 것인지 해석만 한다면 당에 미래는 없다""고 덧붙였다. yumi@yna.co.kr"
https://www.yna.co.kr/view/AKR20250610077100064,"윤석진 전 영동군의회 의장, 국민의힘 입당","(영동=연합뉴스) 박병기 기자 = 윤석진(57) 전 충북 영동군의회 의장은 지지자 300여명과 함께 국민의힘에 입당했다고 10일 밝혔다. 그는 ""비록 대통령 선거에서는 졌지만 정통 보수정당의 당원이 돼 정치활동을 잇기로 했다""고 말했다. 윤 전 의장은 자유선진당과 민주당 계열 정당에서 3차례 영동군의원을 지낸 뒤 2022년 더불어민주당 소속으로 영동군수에 출마해 낙선했다. 이후 당내 갈등을 겪다가 지난해 3월 지지자들과 동반 탈당했다. 그는 내년 영동군수 출마를 준비 중인 것으로 전해졌다. bgipark@yna.co.kr"
